api_name,string_addr,table_entry,func_ptr,func_rva,func_name,func_defined
Load,,,,,,MISSING
Save,,,,,,MISSING
Start,,,,,,MISSING
GameKey,,,,,,MISSING
Update,,,,,,MISSING
CreateObject,,,,,,MISSING
AddObject,,,,,,MISSING
DeleteObject,,,,,,MISSING
CreatePlayer,,,,,,MISSING
AddPlayer,,,,,,MISSING
DeletePlayer,,,,,,MISSING
Receive,,,,,,MISSING
Command,,,,,,MISSING
RepeatAudioMessage,0x5d19b4,0x5d1e58,0x416bf0,0x16bf0,RepeatAudioMessage,true
AudioMessage,0x5d19a4,0x5d1e60,0x416bf8,0x16bf8,AudioMessage,true
WAVE,,,,,,MISSING
IsAudioMessageDone,0x5d1990,0x5d1e68,0x416c1c,0x16c1c,IsAudioMessageDone,true
StopAudioMessage,0x5d197c,0x5d1e70,0x416c41,0x16c41,StopAudioMessage,true
IsAudioMessagePlaying,0x5d1964,0x5d1e78,0x416c58,0x16c58,IsAudioMessagePlaying,true
StartSound,0x5d1958,0x5d1e80,0x41b743,0x1b743,StartSound,true
StopSound,0x5d194c,0x5d1e88,0x41b80c,0x1b80c,StopSound,true
GetHandle,0x5d1940,0x5d1e90,0x416c70,0x16c70,GetHandle,true
BuildObject,0x5d1934,0x5d1e98,0x416c94,0x16c94,BuildObject,true
RemoveObject,0x5d1924,0x5d1ea0,0x416d45,0x16d45,RemoveObject,true
IsOdf,0x5d18b0,0x5d1ed8,0x416ed4,0x16ed4,IsOdf,true
GetOdf,0x5d18a8,0x5d1ee0,0x41b869,0x1b869,GetOdf,true
GetBase,0x5d1890,0x5d1ef0,0x41b8f8,0x1b8f8,GetBase,true
GetLabel,0x5d1884,0x5d1ef8,0x41b930,0x1b930,GetLabel,true
SetLabel,,,,,,MISSING
GetClassSig,0x5d186c,0x5d1f08,0x41b997,0x1b997,GetClassSig,true
GetClassLabel,0x5d185c,0x5d1f10,0x41b9f1,0x1b9f1,GetClassLabel,true
GetClassId,0x5d1850,0x5d1f18,0x41ba25,0x1ba25,GetClassId,true
GetNation,0x5d1844,0x5d1f20,0x41ba59,0x1ba59,GetNation,true
IsValid,0x5d183c,0x5d1f28,0x416f08,0x16f08,IsValid,true
IsAlive,0x5d1834,0x5d1f30,0x416f36,0x16f36,IsAlive,true
IsAliveAndPilot,0x5d1824,0x5d1f38,0x416f64,0x16f64,IsAliveAndPilot,true
IsCraft,0x5d181c,0x5d1f40,0x416f92,0x16f92,IsCraft,true
IsBuilding,0x5d1810,0x5d1f48,0x416fb7,0x16fb7,IsBuilding,true
IsPerson,0x5d1804,0x5d1f50,0x416fdc,0x16fdc,IsPerson,true
IsDamaged,0x5d17f8,0x5d1f58,0x417001,0x17001,IsDamaged,true
IsRecycledByTeam,,,,,,MISSING
GetTeamNum,0x5d17cc,0x5d1f78,0x4170a2,0x170a2,GetTeamNum,true
SetTeamNum,0x5d17c0,0x5d1f80,0x4170c4,0x170c4,SetTeamNum,true
GetPerceivedTeam,0x5d1798,0x5d1f90,0x4170eb,0x170eb,GetPerceivedTeam,true
SetPerceivedTeam,0x5d17ac,0x5d1f88,0x41710d,0x1710d,SetPerceivedTeam,true
SetUserTarget,0x5d1788,0x5d1f98,0x417134,0x17134,SetUserTarget,true
GetUserTarget,0x5d1778,0x5d1fa0,0x41714b,0x1714b,GetUserTarget,true
SetTarget,0x5d176c,0x5d1fa8,0x417160,0x17160,SetTarget,true
GetTarget,0x5d1760,0x5d1fb0,0x417187,0x17187,GetTarget,true
SetOwner,0x5d1754,0x5d1fb8,0x4171a9,0x171a9,SetOwner,true
GetOwner,0x5d1748,0x5d1fc0,0x4171d0,0x171d0,GetOwner,true
SetPilotClass,0x5d1738,0x5d1fc8,0x4171f2,0x171f2,SetPilotClass,true
GetPilotClass,0x5d1728,0x5d1fd0,0x41ba93,0x1ba93,GetPilotClass,true
SetPosition,0x5d1600,0x5d2060,0x41bee5,0x1bee5,SetPosition,true
GetPosition,0x5d15f4,0x5d2068,0x417548,0x17548,GetPosition,true
GetFront,0x5d15e8,0x5d2070,0x417620,0x17620,GetFront,true
SetTransform,0x5d161c,0x5d2050,0x41751b,0x1751b,SetTransform,true
GetTransform,0x5d160c,0x5d2058,0x4174d6,0x174d6,GetTransform,true
GetVelocity,0x5d15d0,0x5d2080,0x41765e,0x1765e,GetVelocity,true
SetVelocity,0x5d15dc,0x5d2078,0x41769c,0x1769c,SetVelocity,true
GetOmega,0x5d15b8,0x5d2090,0x4176c9,0x176c9,GetOmega,true
SetOmega,0x5d15c4,0x5d2088,0x417707,0x17707,SetOmega,true
GetCircularPos,0x5d15a8,0x5d2098,0x41774e,0x1774e,GetCircularPos,true
GetPositionNear,0x5d1598,0x5d20a0,0x4177c8,0x177c8,GetPositionNear,true
GetWhoShotMe,0x5d1588,0x5d20a8,0x417842,0x17842,GetWhoShotMe,true
GetLastEnemyShot,0x5d1574,0x5d20b0,0x417864,0x17864,GetLastEnemyShot,true
GetLastFriendShot,0x5d1560,0x5d20b8,0x417889,0x17889,GetLastFriendShot,true
DefaultAllies,0x5d1550,0x5d20c0,0x4178ae,0x178ae,DefaultAllies,true
LockAllies,0x5d1544,0x5d20c8,0x4178b6,0x178b6,LockAllies,true
Ally,0x5d153c,0x5d20d0,0x4178d5,0x178d5,Ally,true
UnAlly,0x5d1534,0x5d20d8,0x417916,0x17916,UnAlly,true
IsTeamAllied,0x5d1524,0x5d20e0,0x417957,0x17957,IsTeamAllied,true
IsAlly,0x5d151c,0x5d20e8,0x4179a2,0x179a2,IsAlly,true
SetObjectiveOn,0x5d150c,0x5d20f0,0x417a3d,0x17a3d,SetObjectiveOn,true
SetObjectiveOff,0x5d14fc,0x5d20f8,0x417a54,0x17a54,SetObjectiveOff,true
GetObjectiveName,0x5d14d4,0x5d2108,0x417a94,0x17a94,GetObjectiveName,true
SetObjectiveName,0x5d14e8,0x5d2100,0x417a6b,0x17a6b,SetObjectiveName,true
SetName,,,,,,MISSING
GetDistance,0x5d14a8,0x5d2128,0x417b1e,0x17b1e,GetDistance,true
IsWithin,0x5d149c,0x5d2130,0x417bda,0x17bda,IsWithin,true
IsTouching,,,,,,MISSING
GetNearestObject,0x5d143c,0x5d2160,0x417c45,0x17c45,GetNearestObject,true
GetNearestVehicle,0x5d1428,0x5d2168,0x417cea,0x17cea,GetNearestVehicle,true
GetNearestBuilding,0x5d1414,0x5d2170,0x417d8f,0x17d8f,GetNearestBuilding,true
GetNearestEnemy,0x5d1404,0x5d2178,0x417e34,0x17e34,GetNearestEnemy,true
GetNearestFriend,,,,,,MISSING
GetNearestUnitOnTeam,,,,,,MISSING
CountUnitsNearObject,0x5d13ec,0x5d2180,0x417ed9,0x17ed9,CountUnitsNearObject,true
AllCraft,0x5d1484,0x5d2140,0x41cdbc,0x1cdbc,AllCraft,true
ObjectsInRange,0x5d1474,0x5d2148,0x41ceb0,0x1ceb0,ObjectsInRange,true
AllObjects,0x5d1490,0x5d2138,0x41cd24,0x1cd24,AllObjects,true
SelectedObjects,0x5d1464,0x5d2150,0x41bfe2,0x1bfe2,SelectedObjects,true
ObjectiveObjects,0x5d1450,0x5d2158,0x41c06f,0x1c06f,ObjectiveObjects,true
GetRidOfSomeScrap,0x5d13d8,0x5d2188,0x417f34,0x17f34,GetRidOfSomeScrap,true
ClearScrapAround,0x5d13c4,0x5d2190,0x417f50,0x17f50,ClearScrapAround,true
GetTeamSlot,0x5d1908,0x5d1eb0,0x416d95,0x16d95,GetTeamSlot,true
GetPlayerHandle,0x5d1914,0x5d1ea8,0x416d5c,0x16d5c,GetPlayerHandle,true
GetRecyclerHandle,0x5d18f4,0x5d1eb8,0x416dde,0x16dde,GetRecyclerHandle,true
GetFactoryHandle,0x5d18e0,0x5d1ec0,0x416e1a,0x16e1a,GetFactoryHandle,true
GetArmoryHandle,0x5d18d0,0x5d1ec8,0x416e58,0x16e58,GetArmoryHandle,true
GetConstructorHandle,0x5d18b8,0x5d1ed0,0x416e96,0x16e96,GetConstructorHandle,true
AddPilot,0x5d13b8,0x5d2198,0x418007,0x18007,AddPilot,true
SetPilot,0x5d13ac,0x5d21a0,0x418036,0x18036,SetPilot,true
GetPilot,0x5d13a0,0x5d21a8,0x418065,0x18065,GetPilot,true
AddMaxPilot,0x5d1394,0x5d21b0,0x418087,0x18087,AddMaxPilot,true
SetMaxPilot,0x5d1388,0x5d21b8,0x4180b6,0x180b6,SetMaxPilot,true
GetMaxPilot,0x5d137c,0x5d21c0,0x4180e5,0x180e5,GetMaxPilot,true
AddScrap,0x5d1370,0x5d21c8,0x418107,0x18107,AddScrap,true
SetScrap,0x5d1364,0x5d21d0,0x418136,0x18136,SetScrap,true
GetScrap,0x5d1358,0x5d21d8,0x418165,0x18165,GetScrap,true
AddMaxScrap,0x5d134c,0x5d21e0,0x418187,0x18187,AddMaxScrap,true
SetMaxScrap,0x5d1340,0x5d21e8,0x4181b6,0x181b6,SetMaxScrap,true
GetMaxScrap,0x5d1334,0x5d21f0,0x4181e5,0x181e5,GetMaxScrap,true
IsDeployed,0x5d1328,0x5d21f8,0x418207,0x18207,IsDeployed,true
Deploy,0x5d1320,0x5d2200,0x41822c,0x1822c,Deploy,true
IsSelected,0x5d1314,0x5d2208,0x418243,0x18243,IsSelected,true
IsCritical,,,,,,MISSING
SetCritical,,,,,,MISSING
SetWeaponMask,0x5d1304,0x5d2210,0x418268,0x18268,SetWeaponMask,true
GiveWeapon,0x5d12f8,0x5d2218,0x41828f,0x1828f,GiveWeapon,true
GetWeaponClass,0x5d1898,0x5d1ee8,0x41b8a1,0x1b8a1,GetWeaponClass,true
FireAt,0x5d12f0,0x5d2220,0x4182f1,0x182f1,FireAt,true
Damage,0x5d12e8,0x5d2228,0x418318,0x18318,Damage,true
GetTime,0x5d14cc,0x5d2110,0x417abf,0x17abf,GetTime,true
GetTimeStep,0x5d14b4,0x5d2120,0x417b04,0x17b04,GetTimeStep,true
GetTimeNow,0x5d14c0,0x5d2118,0x417ad9,0x17ad9,GetTimeNow,true
SetAIControl,0x5d12d8,0x5d2230,0x41833f,0x1833f,SetAIControl,true
Enables,,,,,,MISSING
GetAIControl,,,,,,MISSING
GetAIP,0x5d12c8,0x5d2240,0x4183ae,0x183ae,GetAIP,true
SetAIP,0x5d12d0,0x5d2238,0x418383,0x18383,SetAIP,true
FailMission,0x5d12bc,0x5d2248,0x4183db,0x183db,FailMission,true
SucceedMission,0x5d12ac,0x5d2250,0x418410,0x18410,SucceedMission,true
ClearObjectives,0x5d129c,0x5d2258,0x418445,0x18445,ClearObjectives,true
AddObjective,0x5d128c,0x5d2260,0x4184fb,0x184fb,AddObjective,true
UpdateObjective,0x5d127c,0x5d2268,0x41854f,0x1854f,UpdateObjective,true
RemoveObjective,0x5d126c,0x5d2270,0x4185a3,0x185a3,RemoveObjective,true
StartCockpitTimer,0x5d1258,0x5d2278,0x4185c1,0x185c1,StartCockpitTimer,true
StartCockpitTimerUp,0x5d1244,0x5d2280,0x4185fe,0x185fe,StartCockpitTimerUp,true
StopCockpitTimer,0x5d1230,0x5d2288,0x41863b,0x1863b,StopCockpitTimer,true
HideCockpitTimer,0x5d121c,0x5d2290,0x418645,0x18645,HideCockpitTimer,true
GetCockpitTimer,0x5d120c,0x5d2298,0x418652,0x18652,GetCockpitTimer,true
StartEarthquake,0x5d11fc,0x5d22a0,0x418667,0x18667,StartEarthquake,true
UpdateEarthQuake,0x5d11e8,0x5d22a8,0x41867f,0x1867f,UpdateEarthQuake,true
StopEarthquake,0x5d11d8,0x5d22b0,0x418697,0x18697,StopEarthquake,true
SetPathType,,,,,,MISSING
GetPathType,,,,,,MISSING
SetPathOneWay,0x5d11c8,0x5d22b8,0x4186a4,0x186a4,SetPathOneWay,true
SetPathRoundTrip,0x5d11b4,0x5d22c0,0x4186bf,0x186bf,SetPathRoundTrip,true
SetPathLoop,0x5d11a8,0x5d22c8,0x4186da,0x186da,SetPathLoop,true
GetPathPointCount,,,,,,MISSING
GetWindingNumber,,,,,,MISSING
IsInsideArea,,,,,,MISSING
CanCommand,0x5d119c,0x5d22d0,0x4186f5,0x186f5,CanCommand,true
CanBuild,0x5d1190,0x5d22d8,0x41871a,0x1871a,CanBuild,true
IsBusy,0x5d1188,0x5d22e0,0x41873f,0x1873f,IsBusy,true
GetCurrentCommand,0x5d1174,0x5d22e8,0x418764,0x18764,GetCurrentCommand,true
GetCurrentWho,0x5d1164,0x5d22f0,0x418786,0x18786,GetCurrentWho,true
GetIndependence,0x5d1144,0x5d2300,0x4187cf,0x187cf,GetIndependence,true
SetIndependence,0x5d1154,0x5d22f8,0x4187a8,0x187a8,SetIndependence,true
SetCommand,0x5d1138,0x5d2308,0x41c091,0x1c091,SetCommand,true
Attack,0x5d1130,0x5d2310,0x4187f1,0x187f1,Attack,true
Goto,0x5d1128,0x5d2318,0x418827,0x18827,Goto,true
Mine,0x5d1120,0x5d2320,0x4188d7,0x188d7,Mine,true
Follow,0x5d1118,0x5d2328,0x418971,0x18971,Follow,true
IsFollowing,,,,,,MISSING
Defend,0x5d1110,0x5d2330,0x4189a7,0x189a7,Defend,true
Defend2,0x5d1108,0x5d2338,0x4189d0,0x189d0,Defend2,true
Stop,0x5d1100,0x5d2340,0x418a06,0x18a06,Stop,true
Patrol,0x5d10f8,0x5d2348,0x418a2f,0x18a2f,Patrol,true
Retreat,0x5d10f0,0x5d2350,0x418a67,0x18a67,Retreat,true
GetIn,0x5d10e8,0x5d2358,0x418ac3,0x18ac3,GetIn,true
Pickup,0x5d10e0,0x5d2360,0x418af9,0x18af9,Pickup,true
Dropoff,0x5d10d8,0x5d2368,0x418b2f,0x18b2f,Dropoff,true
Build,0x5d10d0,0x5d2370,0x418b9b,0x18b9b,Build,true
BuildAt,0x5d10c8,0x5d2378,0x418bd3,0x18bd3,BuildAt,true
Formation,,,,,,MISSING
Hunt,,,,,,MISSING
HasCargo,0x5d10bc,0x5d2380,0x418c87,0x18c87,HasCargo,true
GetCargo,,,,,,MISSING
GetTug,0x5d0fe4,0x5d2410,0x418ef7,0x18ef7,GetTug,true
EjectPilot,0x5d10b0,0x5d2388,0x418cac,0x18cac,EjectPilot,true
HopOut,0x5d10a8,0x5d2390,0x418cc3,0x18cc3,HopOut,true
KillPilot,0x5d109c,0x5d2398,0x418cda,0x18cda,KillPilot,true
RemovePilot,0x5d1090,0x5d23a0,0x418cf1,0x18cf1,RemovePilot,true
HoppedOutOf,0x5d1084,0x5d23a8,0x418d08,0x18d08,HoppedOutOf,true
GetHealth,0x5d1078,0x5d23b0,0x418d29,0x18d29,GetHealth,true
GetCurHealth,0x5d1068,0x5d23b8,0x418d4e,0x18d4e,GetCurHealth,true
GetMaxHealth,0x5d1058,0x5d23c0,0x418d73,0x18d73,GetMaxHealth,true
SetCurHealth,0x5d1048,0x5d23c8,0x418d98,0x18d98,SetCurHealth,true
SetMaxHealth,0x5d1038,0x5d23d0,0x418dc3,0x18dc3,SetMaxHealth,true
AddHealth,0x5d102c,0x5d23d8,0x418dee,0x18dee,AddHealth,true
GiveMaxHealth,,,,,,MISSING
GetAmmo,0x5d1024,0x5d23e0,0x418e19,0x18e19,GetAmmo,true
GetCurAmmo,0x5d1018,0x5d23e8,0x418e3e,0x18e3e,GetCurAmmo,true
GetMaxAmmo,0x5d100c,0x5d23f0,0x418e60,0x18e60,GetMaxAmmo,true
SetCurAmmo,0x5d1000,0x5d23f8,0x418e82,0x18e82,SetCurAmmo,true
SetMaxAmmo,0x5d0ff4,0x5d2400,0x418ea9,0x18ea9,SetMaxAmmo,true
AddAmmo,0x5d0fec,0x5d2408,0x418ed0,0x18ed0,AddAmmo,true
GiveMaxAmmo,,,,,,MISSING
CameraReady,0x5d0fd8,0x5d2418,0x418f19,0x18f19,CameraReady,true
CameraPath,0x5d0fcc,0x5d2420,0x418f31,0x18f31,CameraPath,true
CameraPathDir,0x5d0fbc,0x5d2428,0x418f84,0x18f84,CameraPathDir,true
PanDone,0x5d0fb4,0x5d2430,0x418fc5,0x18fc5,PanDone,true
CameraObject,0x5d0fa4,0x5d2438,0x418fdd,0x18fdd,CameraObject,true
CameraFinish,0x5d0f94,0x5d2440,0x41903d,0x1903d,CameraFinish,true
CameraCancelled,0x5d0f84,0x5d2448,0x419055,0x19055,CameraCancelled,true
IsInfo,0x5d0f7c,0x5d2450,0x41906d,0x1906d,IsInfo,true
IsNetGame,0x5d0f70,0x5d2458,0x419094,0x19094,IsNetGame,true
IsHosting,0x5d0f64,0x5d2460,0x4190ac,0x190ac,IsHosting,true
SetLocal,0x5d17ec,0x5d1f60,0x417041,0x17041,SetLocal,true
IsLocal,0x5d17e4,0x5d1f68,0x417058,0x17058,IsLocal,true
IsRemote,0x5d17d8,0x5d1f70,0x41707d,0x1707d,IsRemote,true
DisplayMessage,0x5d0f54,0x5d2468,0x4190c4,0x190c4,DisplayMessage,true
Send,0x5d0f4c,0x5d2470,0x419760,0x19760,Send,true
OpenODF,0x5d0f44,0x5d2478,0x41985e,0x1985e,OpenODF,true
GetODFBool,0x5d0f38,0x5d2480,0x419910,0x19910,GetODFBool,true
GetODFInt,0x5d0f2c,0x5d2488,0x4199be,0x199be,GetODFInt,true
GetODFFloat,0x5d0f20,0x5d2490,0x419a4d,0x19a4d,GetODFFloat,true
GetODFString,0x5d0f10,0x5d2498,0x419aea,0x19aea,GetODFString,true
GetTerrainHeightAndNormal,0x5d0ef4,0x5d24a0,0x419b87,0x19b87,GetTerrainHeightAndNormal,true
GetFloorHeightAndNormal,0x5d0edc,0x5d24a8,0x419c48,0x19c48,GetFloorHeightAndNormal,true
GetMissionFilename,,,,,,MISSING
GetMapTRNFilename,0x5d0ec8,0x5d24b0,0x419d0a,0x19d0a,GetMapTRNFilename,true
UseItem,,,,,,MISSING
ColorFade,,,,,,MISSING
SetVector,0x5d171c,0x5d1fd8,0x41bace,0x1bace,SetVector,true
DotProduct,0x5d1710,0x5d1fe0,0x41bb2e,0x1bb2e,DotProduct,true
CrossProduct,0x5d1700,0x5d1fe8,0x41bb6f,0x1bb6f,CrossProduct,true
Normalize,0x5d16f4,0x5d1ff0,0x41bbba,0x1bbba,Normalize,true
Length,0x5d16ec,0x5d1ff8,0x41bbf8,0x1bbf8,Length,true
LengthSquared,0x5d16dc,0x5d2000,0x41bc28,0x1bc28,LengthSquared,true
Distance2D,0x5d16d0,0x5d2008,0x41bc5e,0x1bc5e,Distance2D,true
Distance2DSquared,0x5d16bc,0x5d2010,0x41bca1,0x1bca1,Distance2DSquared,true
Distance3D,0x5d16b0,0x5d2018,0x41bce2,0x1bce2,Distance3D,true
Distance3DSquared,0x5d169c,0x5d2020,0x41bd2c,0x1bd2c,Distance3DSquared,true
SetMatrix,0x5d1690,0x5d2028,0x41bd76,0x1bd76,SetMatrix,true
BuildAxisRotationMatrix,0x5d1678,0x5d2030,0x41721b,0x1721b,BuildAxisRotationMatrix,true
BuildPositionRotationMatrix,0x5d165c,0x5d2038,0x41730f,0x1730f,BuildPositionRotationMatrix,true
BuildOrthogonalMatrix,0x5d1644,0x5d2040,0x417408,0x17408,BuildOrthogonalMatrix,true
BuildDirectionalMatrix,0x5d162c,0x5d2048,0x41746f,0x1746f,BuildDirectionalMatrix,true
PortalOut,,,,,,MISSING
PortalIn,,,,,,MISSING
DeactivatePortal,,,,,,MISSING
ActivatePortal,,,,,,MISSING
IsIn,,,,,,MISSING
BuildObjectAtPortal,,,,,,MISSING
Cloak,,,,,,MISSING
Decloak,,,,,,MISSING
SetCloaked,,,,,,MISSING
SetDecloaked,,,,,,MISSING
IsCloaked,,,,,,MISSING
EnableCloaking,,,,,,MISSING
EnableAllCloaking,,,,,,MISSING
Hide,,,,,,MISSING
UnHide,,,,,,MISSING
MakeExplosion,,,,,,MISSING
