api_name,legacy_name,legacy_va,redux_va,source
RepeatAudioMessage,RepeatAudioMessage,0x416bf0,0x4ff880,regtable+1.5
AudioMessage,AudioMessage,0x416bf8,0x4ff890,regtable+1.5
IsAudioMessageDone,IsAudioMessageDone,0x416c1c,0x4ff8d0,regtable+1.5
StopAudioMessage,StopAudioMessage,0x416c41,0x4ff910,regtable+1.5
IsAudioMessagePlaying,IsAudioMessagePlaying,0x416c58,0x4ff940,regtable+1.5
StartSound,StartSound,0x41b743,0x4ff960,regtable+1.5
StopSound,StopSound,0x41b80c,0x4ffa90,regtable+1.5
GetHandle,GetHandle,0x416c70,0x4ffb30,regtable+1.5
BuildObject,BuildObject,0x416c94,0x4ffb70,regtable+1.5
RemoveObject,RemoveObject,0x416d45,0x4ffca0,regtable+1.5
IsOdf,IsOdf,0x416ed4,0x4fff70,regtable+1.5
GetOdf,GetOdf,0x41b869,0x4fffd0,regtable+1.5
GetBase,GetBase,0x41b8f8,0x5000f0,regtable+1.5
GetLabel,GetLabel,0x41b930,0x500150,regtable+1.5
SetLabel,,,0x5001a0,regtable_reduxonly
GetClassSig,GetClassSig,0x41b997,0x5001f0,regtable+1.5
GetClassLabel,GetClassLabel,0x41b9f1,0x500280,regtable+1.5
GetClassId,GetClassId,0x41ba25,0x5002e0,regtable+1.5
GetNation,GetNation,0x41ba59,0x500340,regtable+1.5
IsValid,IsValid,0x416f08,0x5003a0,regtable+1.5
IsAlive,IsAlive,0x416f36,0x5003e0,regtable+1.5
IsAliveAndPilot,IsAliveAndPilot,0x416f64,0x500420,regtable+1.5
IsCraft,IsCraft,0x416f92,0x500460,regtable+1.5
IsBuilding,IsBuilding,0x416fb7,0x5004a0,regtable+1.5
IsPerson,IsPerson,0x416fdc,0x5004e0,regtable+1.5
IsDamaged,IsDamaged,0x417001,0x500520,regtable+1.5
IsRecycledByTeam,,,0x5077f0,regtable_reduxonly
GetTeamNum,GetTeamNum,0x4170a2,0x500640,regtable+1.5
SetTeamNum,SetTeamNum,0x4170c4,0x500680,regtable+1.5
GetPerceivedTeam,GetPerceivedTeam,0x4170eb,0x5006c0,regtable+1.5
SetPerceivedTeam,SetPerceivedTeam,0x41710d,0x500700,regtable+1.5
SetUserTarget,SetUserTarget,0x417134,0x500740,regtable+1.5
GetUserTarget,GetUserTarget,0x41714b,0x500770,regtable+1.5
SetTarget,SetTarget,0x417160,0x5007a0,regtable+1.5
GetTarget,GetTarget,0x417187,0x5007e0,regtable+1.5
SetOwner,SetOwner,0x4171a9,0x500820,regtable+1.5
GetOwner,GetOwner,0x4171d0,0x500860,regtable+1.5
SetPilotClass,SetPilotClass,0x4171f2,0x5008a0,regtable+1.5
GetPilotClass,GetPilotClass,0x41ba93,0x5008e0,regtable+1.5
SetPosition,SetPosition,0x41bee5,0x501710,regtable+1.5
GetPosition,GetPosition,0x417548,0x501620,regtable+1.5
GetFront,GetFront,0x417620,0x501800,regtable+1.5
SetTransform,SetTransform,0x41751b,0x5015d0,regtable+1.5
GetTransform,GetTransform,0x4174d6,0x501550,regtable+1.5
GetVelocity,GetVelocity,0x41765e,0x501880,regtable+1.5
SetVelocity,SetVelocity,0x41769c,0x501900,regtable+1.5
GetOmega,GetOmega,0x4176c9,0x501950,regtable+1.5
SetOmega,SetOmega,0x417707,0x5019d0,regtable+1.5
GetCircularPos,GetCircularPos,0x41774e,0x501a20,regtable+1.5
GetPositionNear,GetPositionNear,0x4177c8,0x501b00,regtable+1.5
GetWhoShotMe,GetWhoShotMe,0x417842,0x501be0,regtable+1.5
GetLastEnemyShot,GetLastEnemyShot,0x417864,0x501c20,regtable+1.5
GetLastFriendShot,GetLastFriendShot,0x417889,0x501c60,regtable+1.5
DefaultAllies,DefaultAllies,0x4178ae,0x501ca0,regtable+1.5
LockAllies,LockAllies,0x4178b6,0x501cb0,regtable+1.5
Ally,Ally,0x4178d5,0x501cf0,regtable+1.5
UnAlly,UnAlly,0x417916,0x501d30,regtable+1.5
IsTeamAllied,IsTeamAllied,0x417957,0x501d70,regtable+1.5
IsAlly,IsAlly,0x4179a2,0x501dd0,regtable+1.5
SetObjectiveOn,SetObjectiveOn,0x417a3d,0x501e30,regtable+1.5
SetObjectiveOff,SetObjectiveOff,0x417a54,0x501e60,regtable+1.5
GetObjectiveName,GetObjectiveName,0x417a94,0x501ed0,regtable+1.5
SetObjectiveName,SetObjectiveName,0x417a6b,0x501e90,regtable+1.5
SetName,,,0x507170,regtable_reduxonly
GetDistance,GetDistance,0x417b1e,0x501fc0,regtable+1.5
IsWithin,IsWithin,0x417bda,0x502100,regtable+1.5
IsTouching,,,0x507600,regtable_reduxonly
GetNearestObject,GetNearestObject,0x417c45,0x502840,regtable+1.5
GetNearestVehicle,GetNearestVehicle,0x417cea,0x502960,regtable+1.5
GetNearestBuilding,GetNearestBuilding,0x417d8f,0x502a80,regtable+1.5
GetNearestEnemy,GetNearestEnemy,0x417e34,0x502ba0,regtable+1.5
GetNearestFriend,,,0x502cc0,regtable_reduxonly
GetNearestUnitOnTeam,,,0x5071b0,regtable_reduxonly
CountUnitsNearObject,CountUnitsNearObject,0x417ed9,0x502de0,regtable+1.5
AllCraft,AllCraft,0x41cdbc,0x502330,regtable+1.5
ObjectsInRange,ObjectsInRange,0x41ceb0,0x502490,regtable+1.5
AllObjects,AllObjects,0x41cd24,0x502240,regtable+1.5
SelectedObjects,SelectedObjects,0x41bfe2,0x502730,regtable+1.5
ObjectiveObjects,ObjectiveObjects,0x41c06f,0x502810,regtable+1.5
GetRidOfSomeScrap,GetRidOfSomeScrap,0x417f34,0x502e70,regtable+1.5
ClearScrapAround,ClearScrapAround,0x417f50,0x502ea0,regtable+1.5
GetTeamSlot,GetTeamSlot,0x416d95,0x4ffd30,regtable+1.5
GetPlayerHandle,GetPlayerHandle,0x416d5c,0x4ffcd0,regtable+1.5
GetRecyclerHandle,GetRecyclerHandle,0x416dde,0x4ffdb0,regtable+1.5
GetFactoryHandle,GetFactoryHandle,0x416e1a,0x4ffe20,regtable+1.5
GetArmoryHandle,GetArmoryHandle,0x416e58,0x4ffe90,regtable+1.5
GetConstructorHandle,GetConstructorHandle,0x416e96,0x4fff00,regtable+1.5
AddPilot,AddPilot,0x418007,0x502fe0,regtable+1.5
SetPilot,SetPilot,0x418036,0x503030,regtable+1.5
GetPilot,GetPilot,0x418065,0x503080,regtable+1.5
AddMaxPilot,AddMaxPilot,0x418087,0x5030c0,regtable+1.5
SetMaxPilot,SetMaxPilot,0x4180b6,0x503110,regtable+1.5
GetMaxPilot,GetMaxPilot,0x4180e5,0x503160,regtable+1.5
AddScrap,AddScrap,0x418107,0x5031a0,regtable+1.5
SetScrap,SetScrap,0x418136,0x5031f0,regtable+1.5
GetScrap,GetScrap,0x418165,0x503240,regtable+1.5
AddMaxScrap,AddMaxScrap,0x418187,0x503280,regtable+1.5
SetMaxScrap,SetMaxScrap,0x4181b6,0x5032d0,regtable+1.5
GetMaxScrap,GetMaxScrap,0x4181e5,0x503320,regtable+1.5
IsDeployed,IsDeployed,0x418207,0x503360,regtable+1.5
Deploy,Deploy,0x41822c,0x5033a0,regtable+1.5
IsSelected,IsSelected,0x418243,0x5033d0,regtable+1.5
IsCritical,,,0x503410,regtable_reduxonly
SetCritical,,,0x503450,regtable_reduxonly
SetWeaponMask,SetWeaponMask,0x418268,0x5034e0,regtable+1.5
GiveWeapon,GiveWeapon,0x41828f,0x503520,regtable+1.5
GetWeaponClass,GetWeaponClass,0x41b8a1,0x500060,regtable+1.5
FireAt,FireAt,0x4182f1,0x5035c0,regtable+1.5
Damage,Damage,0x418318,0x503600,regtable+1.5
GetTime,GetTime,0x417abf,0x501f20,regtable+1.5
GetTimeStep,GetTimeStep,0x417b04,0x501f90,regtable+1.5
GetTimeNow,GetTimeNow,0x417ad9,0x501f50,regtable+1.5
SetAIControl,SetAIControl,0x41833f,0x503650,regtable+1.5
GetAIControl,,,0x5036c0,regtable_reduxonly
GetAIP,GetAIP,0x4183ae,0x503750,regtable+1.5
SetAIP,SetAIP,0x418383,0x503700,regtable+1.5
FailMission,FailMission,0x4183db,0x5037a0,regtable+1.5
SucceedMission,SucceedMission,0x418410,0x5037f0,regtable+1.5
ClearObjectives,ClearObjectives,0x418445,0x503920,regtable+1.5
AddObjective,AddObjective,0x4184fb,0x503a40,regtable+1.5
UpdateObjective,UpdateObjective,0x41854f,0x503ae0,regtable+1.5
RemoveObjective,RemoveObjective,0x4185a3,0x503b80,regtable+1.5
StartCockpitTimer,StartCockpitTimer,0x4185c1,0x503bb0,regtable+1.5
StartCockpitTimerUp,StartCockpitTimerUp,0x4185fe,0x503c10,regtable+1.5
StopCockpitTimer,StopCockpitTimer,0x41863b,0x503c70,regtable+1.5
HideCockpitTimer,HideCockpitTimer,0x418645,0x503c80,regtable+1.5
GetCockpitTimer,GetCockpitTimer,0x418652,0x503c90,regtable+1.5
StartEarthquake,StartEarthquake,0x418667,0x503cc0,regtable+1.5
UpdateEarthQuake,UpdateEarthQuake,0x41867f,0x503cf0,regtable+1.5
StopEarthquake,StopEarthquake,0x418697,0x503d20,regtable+1.5
SetPathType,,,0x503d70,regtable_reduxonly
GetPathType,,,0x503d30,regtable_reduxonly
SetPathOneWay,SetPathOneWay,0x4186a4,0x503db0,regtable+1.5
SetPathRoundTrip,SetPathRoundTrip,0x4186bf,0x503de0,regtable+1.5
SetPathLoop,SetPathLoop,0x4186da,0x503e10,regtable+1.5
GetPathPointCount,,,0x503e40,regtable_reduxonly
GetWindingNumber,,,0x503e80,regtable_reduxonly
IsInsideArea,,,0x503f80,regtable_reduxonly
CanCommand,CanCommand,0x4186f5,0x504070,regtable+1.5
CanBuild,CanBuild,0x41871a,0x5040b0,regtable+1.5
IsBusy,IsBusy,0x41873f,0x5040f0,regtable+1.5
GetCurrentCommand,GetCurrentCommand,0x418764,0x504130,regtable+1.5
GetCurrentWho,GetCurrentWho,0x418786,0x504170,regtable+1.5
GetIndependence,GetIndependence,0x4187cf,0x5041f0,regtable+1.5
SetIndependence,SetIndependence,0x4187a8,0x5041b0,regtable+1.5
SetCommand,SetCommand,0x41c091,0x504230,regtable+1.5
Attack,Attack,0x4187f1,0x504440,regtable+1.5
Goto,Goto,0x418827,0x5044a0,regtable+1.5
Mine,Mine,0x4188d7,0x5045d0,regtable+1.5
Follow,Follow,0x418971,0x5046c0,regtable+1.5
IsFollowing,,,0x5078d0,regtable_reduxonly
Defend,Defend,0x4189a7,0x504720,regtable+1.5
Defend2,Defend2,0x4189d0,0x504760,regtable+1.5
Stop,Stop,0x418a06,0x5047c0,regtable+1.5
Patrol,Patrol,0x418a2f,0x504800,regtable+1.5
Retreat,Retreat,0x418a67,0x504860,regtable+1.5
GetIn,GetIn,0x418ac3,0x5048f0,regtable+1.5
Pickup,Pickup,0x418af9,0x504950,regtable+1.5
Dropoff,Dropoff,0x418b2f,0x5049b0,regtable+1.5
Build,Build,0x418b9b,0x504a70,regtable+1.5
BuildAt,BuildAt,0x418bd3,0x504ad0,regtable+1.5
Formation,,,0x5079b0,regtable_reduxonly
Hunt,,,0x507380,regtable_reduxonly
HasCargo,HasCargo,0x418c87,0x504be0,regtable+1.5
GetCargo,,,0x507930,regtable_reduxonly
GetTug,GetTug,0x418ef7,0x505050,regtable+1.5
EjectPilot,EjectPilot,0x418cac,0x504c20,regtable+1.5
HopOut,HopOut,0x418cc3,0x504c50,regtable+1.5
KillPilot,KillPilot,0x418cda,0x504c80,regtable+1.5
RemovePilot,RemovePilot,0x418cf1,0x504cb0,regtable+1.5
HoppedOutOf,HoppedOutOf,0x418d08,0x504ce0,regtable+1.5
GetHealth,GetHealth,0x418d29,0x504d20,regtable+1.5
GetCurHealth,GetCurHealth,0x418d4e,0x504d60,regtable+1.5
GetMaxHealth,GetMaxHealth,0x418d73,0x504da0,regtable+1.5
SetCurHealth,SetCurHealth,0x418d98,0x504de0,regtable+1.5
SetMaxHealth,SetMaxHealth,0x418dc3,0x504e30,regtable+1.5
AddHealth,AddHealth,0x418dee,0x504e80,regtable+1.5
GiveMaxHealth,,,0x5076e0,regtable_reduxonly
GetAmmo,GetAmmo,0x418e19,0x504ed0,regtable+1.5
GetCurAmmo,GetCurAmmo,0x418e3e,0x504f10,regtable+1.5
GetMaxAmmo,GetMaxAmmo,0x418e60,0x504f50,regtable+1.5
SetCurAmmo,SetCurAmmo,0x418e82,0x504f90,regtable+1.5
SetMaxAmmo,SetMaxAmmo,0x418ea9,0x504fd0,regtable+1.5
AddAmmo,AddAmmo,0x418ed0,0x505010,regtable+1.5
GiveMaxAmmo,,,0x507a00,regtable_reduxonly
CameraReady,CameraReady,0x418f19,0x505090,regtable+1.5
CameraPath,CameraPath,0x418f31,0x5050b0,regtable+1.5
CameraPathDir,CameraPathDir,0x418f84,0x505130,regtable+1.5
PanDone,PanDone,0x418fc5,0x5051a0,regtable+1.5
CameraObject,CameraObject,0x418fdd,0x5051c0,regtable+1.5
CameraFinish,CameraFinish,0x41903d,0x505250,regtable+1.5
CameraCancelled,CameraCancelled,0x419055,0x505270,regtable+1.5
IsInfo,IsInfo,0x41906d,0x505290,regtable+1.5
IsNetGame,IsNetGame,0x419094,0x505310,regtable+1.5
IsHosting,IsHosting,0x4190ac,0x505330,regtable+1.5
SetLocal,SetLocal,0x417041,0x500590,regtable+1.5
IsLocal,IsLocal,0x417058,0x5005c0,regtable+1.5
IsRemote,IsRemote,0x41707d,0x500600,regtable+1.5
DisplayMessage,DisplayMessage,0x4190c4,0x505350,regtable+1.5
Send,Send,0x419760,0x5060f0,regtable+1.5
OpenODF,OpenODF,0x41985e,0x506310,regtable+1.5
GetODFBool,GetODFBool,0x419910,0x5064d0,regtable+1.5
GetODFInt,GetODFInt,0x4199be,0x5065d0,regtable+1.5
GetODFFloat,GetODFFloat,0x419a4d,0x5066a0,regtable+1.5
GetODFString,GetODFString,0x419aea,0x506780,regtable+1.5
GetTerrainHeightAndNormal,GetTerrainHeightAndNormal,0x419b87,0x506870,regtable+1.5
GetFloorHeightAndNormal,GetFloorHeightAndNormal,0x419c48,0x506a40,regtable+1.5
GetMissionFilename,,,0x506e40,regtable_reduxonly
GetMapTRNFilename,GetMapTRNFilename,0x419d0a,0x506e60,regtable+1.5
UseItem,,,0x506e80,regtable_reduxonly
ColorFade,,,0x506ef0,regtable_reduxonly
SetVector,SetVector,0x41bace,0x500940,regtable+1.5
DotProduct,DotProduct,0x41bb2e,0x500a30,regtable+1.5
CrossProduct,CrossProduct,0x41bb6f,0x500a80,regtable+1.5
Normalize,Normalize,0x41bbba,0x500b10,regtable+1.5
Length,Length,0x41bbf8,0x500b90,regtable+1.5
LengthSquared,LengthSquared,0x41bc28,0x500be0,regtable+1.5
Distance2D,Distance2D,0x41bc5e,0x500c20,regtable+1.5
Distance2DSquared,Distance2DSquared,0x41bca1,0x500c80,regtable+1.5
Distance3D,Distance3D,0x41bce2,0x500cd0,regtable+1.5
Distance3DSquared,Distance3DSquared,0x41bd2c,0x500d50,regtable+1.5
SetMatrix,SetMatrix,0x41bd76,0x500dd0,regtable+1.5
BuildAxisRotationMatrix,BuildAxisRotationMatrix,0x41721b,0x5010f0,regtable+1.5
BuildPositionRotationMatrix,BuildPositionRotationMatrix,0x41730f,0x501240,regtable+1.5
BuildOrthogonalMatrix,BuildOrthogonalMatrix,0x417408,0x5013f0,regtable+1.5
BuildDirectionalMatrix,BuildDirectionalMatrix,0x41746f,0x5014a0,regtable+1.5
PortalOut,,,0x5073c0,regtable_reduxonly
PortalIn,,,0x507410,regtable_reduxonly
DeactivatePortal,,,0x507530,regtable_reduxonly
ActivatePortal,,,0x5074d0,regtable_reduxonly
IsIn,,,0x507680,regtable_reduxonly
BuildObjectAtPortal,,,0x507460,regtable_reduxonly
Cloak,,,0x506f80,regtable_reduxonly
Decloak,,,0x506fb0,regtable_reduxonly
SetCloaked,,,0x506fe0,regtable_reduxonly
SetDecloaked,,,0x507010,regtable_reduxonly
IsCloaked,,,0x507040,regtable_reduxonly
EnableCloaking,,,0x5070f0,regtable_reduxonly
EnableAllCloaking,,,0x507080,regtable_reduxonly
Hide,,,0x5075a0,regtable_reduxonly
UnHide,,,0x5075d0,regtable_reduxonly
MakeExplosion,,,0x507720,regtable_reduxonly
