redux_va,applied_name,namespace,combined_confidence,similarity,significance,legacy_va,status
0x416970,DecodeToBuffer,CStreamingOggSound,very_high,0.5308,35.23,0x4b14f5,applied
0x4357d0,ProcessMouseRawInput,Global,high,0.9850,141.97,0x4bdc8b,applied
0x437a70,StopMusic,Global,very_high,0.6510,20.72,0x4712cd,applied
0x437be0,TestSFX,Global,very_high,0.7915,17.77,0x4714c6,applied
0x438550,Control,AudioMessageMgr,very_high,0.6056,39.72,0x4807df,applied
0x43d6c0,RestoreBuffer,CSound,high,1.0000,67.33,0x4904ed,applied
0x43e810,Ogg_seek_func,Global,very_high,0.7287,24.19,0x49fe24,applied
0x43f5c0,Pause,OggManager,very_high,0.5323,21.22,0x4a0417,applied
0x43f690,Resume,OggManager,very_high,0.5291,22.15,0x4a0491,applied
0x43f780,Release,OggManager,very_high,0.5276,24.75,0x4a051c,applied
0x442d30,DeleteCollisionEntity,Global,very_high,0.7058,49.74,0x474951,applied
0x45c160,in,AiCmdInfo,very_high,0.6510,36.24,0x401467,applied
0x45daf0,End,AiMission,very_high,0.8593,41.76,0x401b11,applied
0x4697c0,BuildingUnblock,Global,high,0.9796,41.76,0x4051d7,applied
0x46cc80,ALLIE_Init,Global,very_high,0.7020,11.06,0x4dc534,applied
0x4741a0,DrawStateA,ArmoryProcess,very_high,0.9038,38.34,0x40c964,applied
0x47be40,BeamGunClass,BeamGunClass,very_high,0.7500,13.68,0x52abe8,applied
0x47db90,BounceBombClass,BounceBombClass,very_high,0.6864,13.50,0x52b51f,applied
0x47ec90,Init,Building,very_high,0.5809,26.52,0x482d21,applied
0x481220,BulletClass,BulletClass,very_high,0.7710,17.28,0x52c289,applied
0x481b10,MCUseItem,Global,very_high,0.6976,25.00,0x484865,applied
0x4908a0,ChargeGunClass,ChargeGunClass,very_high,0.8312,19.36,0x52cc25,applied
0x4979a0,Init,SelectionDisplay,very_high,0.8570,27.30,0x4c15d0,applied
0x49c390,PostLoad,ConstructionDisplay,very_high,1.0000,23.95,0x4c38a1,applied
0x4a7440,Save,ControlPanel,very_high,0.8781,24.76,0x4c3e3c,applied
0x4af0a0,CraftClass,CraftClass,very_high,0.8132,24.83,0x4899b0,applied
0x4afff0,crc32check,Global,very_high,0.5908,73.81,0x546c02,applied
0x4b0a00,DayWreckerClass,DayWreckerClass,very_high,0.7543,16.45,0x52d3a9,applied
0x4b6fa0,PrintValue,DisplayInterface,very_high,0.5874,12.30,0x4c7670,applied
0x4c18a0,PostLoad,EditTerrain,very_high,0.5066,23.85,0x4ccb86,applied
0x4c83e0,UpdateStatusLine,EditTerrain,very_high,0.6560,28.19,0x4ca442,applied
0x4cad80,ExplosionClass,ExplosionClass,very_high,0.6283,19.61,0x52f363,applied
0x4ccd80,out,Global,very_high,0.5590,26.35,0x547a77,applied
0x4cd0e0,out,Global,very_high,0.5031,18.21,0x547c10,applied
0x4cd360,out,Global,very_high,0.5031,18.21,0x547e0b,applied
0x4e3290,GeoCache_AddRep,Global,very_high,0.5450,51.23,0x49bfc9,applied
0x4e4b00,Save,GotoGeyser,very_high,0.5924,15.93,0x41326d,applied
0x4e7f60,GrenadeClass,GrenadeClass,very_high,0.7603,18.74,0x52ff43,applied
0x4e92f0,HealthPowerupClass,HealthPowerupClass,very_high,0.7843,15.55,0x49c21a,applied
0x4f55b0,Execute,Inst01Event,very_high,0.7813,83.24,0x41597a,applied
0x4f6640,Matches,Inst03MissionClass,very_high,0.6553,26.38,0x415c98,applied
0x4f8a90,LauncherClass,LauncherClass,very_high,0.6766,20.88,0x530e63,applied
0x4ff640,LuaLoader,Global,very_high,0.6044,24.54,0x416a69,applied
0x504ad0,BuildAt,Global,high,1.0000,51.61,0x418bd3,applied
0x507b80,VECTOR_3D_NewIndex,Global,high,1.0000,54.83,0x419d85,applied
0x508270,VECTOR_3D_Eq,Global,high,1.0000,44.71,0x41a087,applied
0x50a970,Start,LuaMission,very_high,0.7829,31.69,0x41ae74,applied
0x50ae40,DeleteObject,LuaMission,very_high,0.6482,23.60,0x41b1a1,applied
0x50b0b0,DeletePlayer,LuaMission,very_high,0.5899,24.49,0x41b35f,applied
0x50b190,Command,LuaMission,very_high,0.7694,60.32,0x41b421,applied
0x50c140,MagnetMineClass,MagnetMineClass,very_high,0.7659,16.47,0x531562,applied
0x5153e0,AddObject,Misn03Mission,very_high,0.8650,72.07,0x41e703,applied
0x519a60,AddObject,Misn04Mission,very_high,1.0000,27.74,0x420d4c,applied
0x5233b0,Setup,Misn06Mission,high,1.0000,102.47,0x42648c,applied
0x52e260,AddObject,Misn08Mission,very_high,0.9955,57.41,0x42bfc3,applied
0x531e70,AddObject,Misn09Mission,very_high,0.8883,75.35,0x42dc6b,applied
0x534ff0,AddObject,Misn10Mission,very_high,0.8862,70.37,0x42f70d,applied
0x535270,Execute,Misn10Mission,very_high,0.6763,427.49,0x42f887,applied
0x53ad00,Setup,Misn12Mission,very_high,0.9386,61.55,0x432712,applied
0x541a20,Setup,Misn13Mission,very_high,0.9318,62.34,0x436324,applied
0x5421a0,AddObject,Misn13Mission,very_high,0.9026,85.73,0x43679b,applied
0x5424c0,Execute,Misn13Mission,very_high,0.6772,534.47,0x436963,applied
0x545940,AddObject,Misn14Mission,very_high,1.0000,28.03,0x4384b1,applied
0x547d30,AddObject,Misn15Mission,very_high,0.9957,39.01,0x439831,applied
0x549290,AddObject,Misn16Mission,very_high,0.6836,63.43,0x43a30d,applied
0x54a760,Setup,Misn17Mission,high,0.9994,41.71,0x43adc8,applied
0x54af00,AddObject,Misn17Mission,very_high,0.8759,54.07,0x43b0f9,applied
0x559e00,Execute,Misns3Mission,very_high,0.6629,332.26,0x442ff2,applied
0x55d040,AddObject,Misns5Mission,very_high,1.0000,47.40,0x444a7b,applied
0x55d0f0,Execute,Misns5Mission,very_high,0.6268,197.64,0x444aef,applied
0x55e1e0,AddObject,Misns6Mission,very_high,0.5327,31.26,0x445342,applied
0x55f880,AddObject,Misns7Mission,very_high,0.9116,100.31,0x445f8c,applied
0x564d00,Setup,Misns8Mission,high,1.0000,61.75,0x448af3,applied
0x565870,AddObject,Misns8Mission,very_high,0.8926,87.74,0x4490a3,applied
0x56aa30,MissileClass,MissileClass,very_high,0.7503,16.20,0x532239,applied
0x56c0a0,Matches,MultDMMissionClass,very_high,0.7559,34.40,0x44bee3,applied
0x56c690,SetMostRecentKilled,MultDMMission,high,1.0000,47.95,0x44c1ff,applied
0x56d8b0,refresh_flags,MultGEvent,very_high,0.7233,39.32,0x44c697,applied
0x56f320,SetMostRecentKilled,MultSTMission,high,0.9886,58.64,0x44d284,applied
0x586300,OrdnanceClass,OrdnanceClass,very_high,0.7239,22.70,0x53599c,applied
0x594950,PostLoad,PathDisplay,very_high,0.5281,37.88,0x4d5474,applied
0x597fb0,DrawControlMenu,PathDisplay,very_high,0.5521,40.07,0x4d6688,applied
0x598960,DoControlPath,PathDisplay,very_high,0.5114,163.18,0x4d75c3,applied
0x59d0f0,Save,Person,very_high,0.6938,13.25,0x4a535d,applied
0x5a2430,PersonClass,PersonClass,very_high,0.8857,32.27,0x4a767b,applied
0x5a7240,PopperGunClass,PopperGunClass,very_high,0.8040,16.93,0x536931,applied
0x5a7ca0,Save,PowerUp,very_high,0.7372,14.22,0x4a8bb4,applied
0x5ab2c0,PowerUpClass,PowerUpClass,very_high,0.7984,16.51,0x4aa384,applied
0x5aba30,FindSmokeSource,Craft,high,0.9757,43.20,0x485dd6,applied
0x5aff90,Save,Producer,very_high,0.7899,62.79,0x4ab6eb,applied
0x5b0260,ProducerClass,ProducerClass,very_high,0.5642,20.10,0x4ac98f,applied
0x5b4f40,Save,RecyclerFriend,very_high,0.7252,33.18,0x459025,applied
0x5c2c70,ScavengerClass,ScavengerClass,very_high,0.8584,22.66,0x4aef79,applied
0x5c2d60,GetScavMessage,Global,very_high,1.0000,27.94,0x4aefe8,applied
0x5cb2d0,SetAIP,Global,very_high,0.5257,62.20,0x45f99e,applied
0x5d15b0,ShieldTowerClass,ShieldTowerClass,very_high,0.7772,17.20,0x4b05f4,applied
0x5d1dd0,PreLoad,ShockWaveEffect,very_high,0.5807,9.03,0x4d9e73,applied
0x5d6240,Init,SniperInterface,very_high,0.6585,35.32,0x4da9cc,applied
0x5d9e70,SpecialItemClass,SpecialItemClass,very_high,0.7743,17.86,0x53a2c9,applied
0x5da1e0,SprayBuildingClass,SprayBuildingClass,very_high,0.7777,17.17,0x53a555,applied
0x5dacf0,SprayBombClass,SprayBombClass,very_high,0.7278,14.89,0x53a4d9,applied
0x5dd850,SupplyDepotClass,SupplyDepotClass,very_high,0.7698,16.92,0x4b1a7e,applied
0x5df230,TargetingGunClass,TargetingGunClass,very_high,0.8500,21.53,0x53af31,applied
0x5e6980,Setup,Tran02Mission,very_high,0.7534,31.04,0x463c78,applied
0x5eae10,AddObject,Tran05Mission,very_high,0.8681,62.04,0x46535f,applied
0x5eaf60,Execute,Tran05Mission,very_high,0.6347,237.17,0x465639,applied
0x5f01d0,FindTurret,TurretCraft,very_high,0.5748,33.44,0x4b3ba1,applied
0x5f1dd0,TurretCraftClass,TurretCraftClass,very_high,0.7609,16.17,0x4b48e8,applied
0x5f2130,FindTurret,TurretTank,very_high,0.5777,33.62,0x4b4a8f,applied
0x608fe0,Save,UserProcess,very_high,0.6644,24.55,0x46f80a,applied
0x610030,WalkerClass,WalkerClass,very_high,0.8633,27.15,0x4b8a04,applied
0x611aa0,WeaponClass,WeaponClass,very_high,0.5864,74.69,0x53f402,applied
0x61df70,load_input_device,Global,very_high,0.5314,61.82,0x4bb425,applied
0x61e240,get_analog_num,Global,very_high,0.5993,39.62,0x4bb5bb,applied
0x61e5d0,get_analog_sink,Global,very_high,0.7256,163.96,0x4ba032,applied
0x61ea90,add_analog_channel,Global,very_high,0.5662,57.04,0x4bb703,applied
0x61ec80,read_chord,Global,very_high,0.5203,41.85,0x4bb811,applied
0x61fb20,read_one_mapping_file,Global,very_high,0.7716,157.68,0x4bba7c,applied
0x623620,GetStringFromRegistry,Global,very_high,0.8851,61.34,0x4bc269,applied
0x6239a0,giddi_describe_device,Global,very_high,1.0000,23.14,0x4bd878,applied
0x624380,Chat_InputMessage,Global,very_high,0.6031,42.26,0x4dc5ab,applied
0x625070,updown_callback,Global,high,1.0000,71.75,0x4dce65,applied
0x625160,GetUnsignedFromBitfield,Global,high,1.0000,52.13,0x4e2dc6,applied
0x68f8f0,AI_Close,Global,very_high,0.9228,31.33,0x507196,applied
0x68f970,AI_Process,Global,very_high,0.6552,34.97,0x5082a1,applied
0x68fe40,AI_BuildingStalled,Global,very_high,0.9116,44.01,0x5084fc,applied
0x690180,AI_SpecialForcesInit,Global,very_high,1.0000,17.62,0x50770a,applied
0x690270,AI_AIPInit,Global,very_high,1.0000,18.91,0x5086bc,applied
0x690380,AI_AIPSwitch,Global,very_high,0.7372,13.45,0x507d10,applied
0x690c90,AIBuild_ResourceListDump,Global,very_high,0.7284,22.05,0x50b1e9,applied
0x6924a0,AIBuild_FindFacilityLocation,Global,very_high,0.6008,38.12,0x50becb,applied
0x693520,AIP_Load_Account,Global,very_high,0.5040,52.44,0x50d0f4,applied
0x693900,AIP_Load_UCP,Global,very_high,0.5862,40.19,0x50d37a,applied
0x696c90,AI_Team_UnRecruit_Single_Neighbor,Global,high,0.9784,42.79,0x50a093,applied
0x696d10,AI_Team_UnRecruit_Neighbors,Global,high,1.0000,52.23,0x50a0dd,applied
0x6987d0,parentheses,Global,very_high,0.6521,54.22,0x50f4f4,applied
0x6989a0,constant_or_variable,Global,very_high,0.5655,42.65,0x50ee1f,applied
0x699180,IParse_Report,Global,very_high,0.8940,21.95,0x510d75,applied
0x69c1e0,IParse_Read_Data_Into_Buffer,Global,very_high,0.5042,48.55,0x5124fe,applied
0x69cc40,IParse_Get_Runtime_Float,Global,very_high,0.5445,21.56,0x512aa6,applied
0x69cef0,IParse_Get_Runtime_Float_Field,Global,very_high,0.6370,18.12,0x512d38,applied
0x69cfa0,IParse_Get_Runtime_String_Field,Global,very_high,0.8379,36.68,0x512e17,applied
0x6a3300,AI_Team_Print_Goals,Global,very_high,0.5660,42.97,0x5176d0,applied
0x821ec0,fsm_pop_camera,Global,very_high,1.0000,19.00,0x56d7fa,applied
0x825510,GetClsnPlanes,Global,high,0.9604,42.13,0x525849,applied
0x825650,NewObj,Global,very_high,0.9231,116.60,0x52594e,applied
0x825ac0,Process_VLOC_Chunk,Global,very_high,0.7123,75.42,0x526cbe,applied
0x826b80,find_obj_prjid,Global,high,1.0000,44.34,0x527169,applied
0x826c40,zfsCreateFile,Global,very_high,0.9107,53.66,0x5278b3,applied
0x827030,buildcookie,Global,very_high,0.7026,56.14,0x527b23,applied
0x8271b0,zfsOpen,Global,very_high,0.5542,38.11,0x527c46,applied
0x8273e0,zfsReadRecordInternal,Global,very_high,0.6626,68.47,0x5283b6,applied
0x82b690,adjuststack,Global,high,0.9957,58.24,0x5b6f8f,applied
0x82b87b,luaL_addvalue,Global,high,0.9938,47.12,0x5b7086,applied
0x82b9f2,luaL_checkany,Global,very_high,1.0000,18.59,0x5b7679,applied
0x82bc6c,luaL_findtable,Global,high,1.0000,83.96,0x5b6e91,applied
0x82be9b,luaL_loadfile,Global,very_high,0.8651,112.76,0x5b728c,applied
0x82c0d6,luaL_openlib,Global,very_high,0.9835,98.17,0x5b77f7,applied
0x82c225,luaL_optlstring,Global,high,1.0000,47.47,0x5b76d3,applied
0x82c341,luaL_where,Global,very_high,0.7952,23.65,0x5b6cbd,applied
0x82c3b7,panic,Global,very_high,1.0000,17.44,0x5b74a1,applied
0x82c5be,lua_checkstack,Global,high,0.9962,54.07,0x5b5c40,applied
0x82c61c,lua_concat,Global,high,1.0000,54.77,0x5b6adc,applied
0x82c70b,lua_gc,Global,high,1.0000,78.51,0x5b69d5,applied
0x82c7d3,lua_getfenv,Global,high,1.0000,58.34,0x5b658f,applied
0x82cb8c,lua_pcall,Global,high,0.9660,45.87,0x5b6874,applied
0x82cc15,lua_pushcclosure,Global,high,1.0000,82.71,0x5b6345,applied
0x82ced4,lua_rawset,Global,high,1.0000,58.14,0x5b6669,applied
0x82cf37,lua_rawseti,Global,high,1.0000,57.95,0x5b66cb,applied
0x82cf99,lua_remove,Global,high,1.0000,48.39,0x5b5d86,applied
0x82cfd8,lua_replace,Global,very_high,0.9987,96.12,0x5b5e0d,applied
0x82d08e,lua_setfenv,Global,high,1.0000,69.05,0x5b67b8,applied
0x82d16f,lua_setmetatable,Global,high,0.9646,88.99,0x5b672f,applied
0x82d226,lua_settop,Global,high,1.0000,42.91,0x5b5d4d,applied
0x82d377,lua_tolstring,Global,high,1.0000,66.90,0x5b60fa,applied
0x82d4b1,lua_typename,Global,very_high,1.0000,18.06,0x5b5f03,applied
0x82d4cc,lua_xmove,Global,high,1.0000,52.38,0x5b5c9d,applied
0x82d5cb,f_luaopen,Global,very_high,1.0000,46.38,0x5b7b34,applied
0x82d9b5,checkArgMode,Global,high,1.0000,60.21,0x5b9f36,applied
0x82da0c,collectvalidlines,Global,high,1.0000,71.55,0x5b9e2e,applied
0x82dad3,currentpc,Global,high,1.0000,45.42,0x5b9b90,applied
0x82db70,funcinfo,Global,high,0.9711,42.36,0x5b9d95,applied
0x82dc7a,getobjname,Global,very_high,0.7117,73.18,0x5ba43d,applied
0x82dde7,luaG_aritherror,Global,very_high,0.7235,15.24,0x5ba8e5,applied
0x82de60,luaG_concaterror,Global,very_high,0.9551,19.31,0x5ba8bd,applied
0x82df0d,luaG_ordererror,Global,very_high,0.8896,30.14,0x5ba916,applied
0x82dfec,luaG_typeerror,Global,very_high,0.6680,28.55,0x5ba845,applied
0x82e741,luaO_chunkid,Global,high,0.9777,206.22,0x5b8181,applied
0x82e87e,luaO_int2fb,Global,very_high,1.0000,34.61,0x5b7e3e,applied
0x82e8e4,luaO_pushvfstring,Global,very_high,0.5856,87.02,0x5b7faa,applied
0x82ebda,pushstr,Global,high,1.0000,45.25,0x5b7f64,applied
0x82ecad,luaZ_openspace,Global,high,0.9848,41.74,0x5bd2cd,applied
0x82ecf4,luaZ_read,Global,high,1.0000,54.33,0x5bd283,applied
0x82ed3d,adjust_varargs,Global,high,0.9720,165.92,0x5b855f,applied
0x82ee9e,callrethooks,Global,high,1.0000,45.30,0x5b872f,applied
0x82f01b,growCI,Global,very_high,0.7642,25.43,0x5b89e0,applied
0x82f062,luaD_call,Global,very_high,0.9044,55.63,0x5b8bb4,applied
0x82f1b5,luaD_pcall,Global,high,1.0000,51.04,0x5b8d2c,applied
0x82f246,luaD_poscall,Global,high,1.0000,84.88,0x5b877c,applied
0x82f536,luaD_reallocCI,Global,high,1.0000,46.89,0x5b8425,applied
0x82f5f3,luaD_seterrorobj,Global,very_high,1.0000,48.45,0x5b829f,applied
0x82f6a3,lua_resume,Global,very_high,0.8313,58.83,0x5b8c9a,applied
0x82f739,lua_yield,Global,very_high,0.7759,20.72,0x5b884a,applied
0x82f7e4,resume,Global,high,1.0000,58.18,0x5b8c2e,applied
0x82f852,resume_error,Global,high,1.0000,48.26,0x5b87fc,applied
0x82f92f,luaF_close,Global,high,0.9752,61.24,0x5bd037,applied
0x82f9ac,luaF_findupval,Global,high,0.9694,83.22,0x5bcf72,applied
0x82fc7c,GCTM,Global,high,1.0000,94.93,0x5b967c,applied
0x82fe33,checkSizes,Global,high,0.9861,57.83,0x5b961b,applied
0x82ff43,freeobj,Global,high,1.0000,53.10,0x5b952f,applied
0x82ffca,iscleared,Global,high,0.9814,42.66,0x5b9461,applied
0x83018d,luaC_separateudata,Global,high,0.9915,96.37,0x5b8ee5,applied
0x830222,luaC_step,Global,high,1.0000,70.93,0x5b99f9,applied
0x830437,reallymarkobject,Global,high,1.0000,109.37,0x5b8e1b,applied
0x8305c7,sweeplist,Global,high,0.9776,73.41,0x5b959a,applied
0x830650,traverseclosure,Global,high,1.0000,120.12,0x5b91b6,applied
0x830af4,luaS_resize,Global,high,0.9510,97.11,0x5bcc7c,applied
0x830cca,findindex,Global,very_high,0.8885,70.30,0x5bc241,applied
0x830de6,luaH_get,Global,high,1.0000,62.36,0x5bc701,applied
0x831635,setnodevector,Global,very_high,0.9433,82.29,0x5bc50a,applied
0x831798,DumpConstants,Global,high,0.9631,77.88,0x5bd3d0,applied
0x831bea,callTM,Global,high,1.0000,51.04,0x5babfe,applied
0x831e54,l_strcmp,Global,high,1.0000,68.52,0x5bafa0,applied
0x831f3a,luaV_concat,Global,very_high,0.9970,184.26,0x5bb176,applied
0x832183,luaV_execute,Global,very_high,0.6170,585.68,0x5bb3ae,applied
0x8330e3,luaV_gettable,Global,very_high,0.9835,98.34,0x5bac91,applied
0x83321b,luaV_settable,Global,very_high,0.9551,121.87,0x5bad5c,applied
0x833372,luaV_tostring,Global,very_high,0.8685,34.27,0x5baa64,applied
0x8333ea,traceexec,Global,high,0.9636,85.65,0x5baad6,applied
0x8334ee,luaT_init,Global,high,0.9784,50.46,0x5ba964,applied
0x83353f,luaB_print,Global,very_high,1.0000,65.25,0x5c254e,applied
0x833742,luaB_getmetatable,Global,very_high,1.0000,22.75,0x5c2749,applied
0x833783,luaB_setmetatable,Global,very_high,1.0000,37.69,0x5c2783,applied
0x833834,luaB_setfenv,Global,very_high,0.7362,35.79,0x5c28e7,applied
0x833997,luaB_collectgarbage,Global,very_high,0.8610,47.17,0x5c2a28,applied
0x833b12,luaB_load,Global,very_high,1.0000,19.99,0x5c2caf,applied
0x833bee,luaB_unpack,Global,very_high,0.7771,50.29,0x5c2d82,applied
0x833c96,luaB_select,Global,very_high,1.0000,61.08,0x5c2e0e,applied
0x833e63,luaB_costatus,Global,very_high,0.6474,17.69,0x5c30ef,applied
0x833eac,luaB_coresume,Global,very_high,0.6823,29.09,0x5c31e3,applied
0x833f22,luaB_cocreate,Global,very_high,1.0000,31.33,0x5c32b4,applied
0x834002,auxresume,Global,very_high,0.9363,61.14,0x5c3131,applied
0x8340bc,base_open,Global,very_high,1.0000,27.04,0x5c338b,applied
0x8341f5,generic_reader,Global,very_high,0.7714,30.23,0x5c2c3b,applied
0x83426a,getfunc,Global,very_high,0.7783,45.67,0x5c27f3,applied
0x834433,luaB_newproxy,Global,very_high,1.0000,56.00,0x5c2fcf,applied
0x83472f,tinsert,Global,very_high,0.6653,38.66,0x5c1426,applied
0x8347bd,tremove,Global,high,1.0000,46.18,0x5c14b4,applied
0x834984,addfield,Global,very_high,0.6765,17.63,0x5c1538,applied
0x8349d5,auxsort,Global,very_high,0.5498,76.89,0x5c16d9,applied
0x8350ac,str_char,Global,very_high,0.9268,50.03,0x5bfee1,applied
0x83515d,str_dump,Global,very_high,0.8521,24.64,0x5bffa3,applied
0x83524f,str_gsub,Global,very_high,0.8428,106.13,0x5c0b9d,applied
0x83574a,add_value,Global,very_high,0.8298,59.32,0x5c0ac0,applied
0x835822,addquoted,Global,high,1.0000,99.68,0x5c0d4a,applied
0x8358d9,classend,Global,very_high,0.9095,64.99,0x5c0064,applied
0x835942,end_capture,Global,very_high,0.9838,65.31,0x5c035f,applied
0x835aeb,luaopen_string,Global,very_high,1.0000,24.01,0x5c11d9,applied
0x835b72,match,Global,very_high,0.5604,116.07,0x5c03f7,applied
0x835df5,match_capture,Global,very_high,0.6638,43.59,0x5c03ae,applied
0x83600d,push_captures,Global,very_high,0.8927,30.95,0x5c072b,applied
0x836056,push_onecapture,Global,very_high,0.7294,42.48,0x5c06b9,applied
0x8360d9,scanformat,Global,very_high,1.0000,128.83,0x5c0df7,applied
0x8361e7,start_capture,Global,very_high,1.0000,41.49,0x5c0320,applied
0x836232,str_find_aux,Global,very_high,0.6002,75.64,0x5c0774,applied
0x836a83,math_random,Global,very_high,0.5815,60.94,0x5bf997,applied
0x836dc2,db_gethook,Global,very_high,0.6477,48.32,0x5bf0ce,applied
0x836e87,db_debug,Global,very_high,0.6540,58.38,0x5bf195,applied
0x8371eb,db_setmetatable,Global,very_high,1.0000,28.11,0x5be9a4,applied
0x837254,db_setfenv,Global,very_high,1.0000,21.86,0x5bea08,applied
0x8376eb,hookf,Global,high,0.9811,41.97,0x5beed3,applied
0x837783,makemask,Global,high,1.0000,42.78,0x5bef4b,applied
0x837948,loader_Croot,Global,very_high,0.5199,25.71,0x5c1ec8,applied
0x8379d8,loader_preload,Global,very_high,0.9459,32.73,0x5c1f55,applied
0x837a47,ll_require,Global,very_high,0.9426,93.61,0x5c1fc1,applied
0x837be8,ll_module,Global,very_high,0.9022,71.82,0x5c2263,applied
0x837cea,ll_seeall,Global,very_high,1.0000,26.84,0x5c235d,applied
0x837d46,findfile,Global,very_high,0.7648,75.27,0x5c1c9e,applied
0x837e65,gctm,Global,very_high,0.9537,20.68,0x5c1b3f,applied
0x837e92,ll_loadfunc,Global,high,1.0000,48.88,0x5c1b69,applied
0x83810b,mkfuncname,Global,very_high,0.5952,15.19,0x5c1e2d,applied
0x838159,modinit,Global,very_high,1.0000,32.50,0x5c220a,applied
0x8381c0,pusherror,Global,very_high,0.7735,20.89,0x5c19fb,applied
0x838231,setfenv,Global,very_high,0.9014,37.06,0x5c2158,applied
0x838317,setprogdir,Global,very_high,0.7412,30.89,0x5c196b,applied
0x8387f7,luaM_growaux_,Global,high,1.0000,49.20,0x5bd6ab,applied
0x83893c,inclinenumber,Global,very_high,1.0000,84.74,0x5bd934,applied
0x8389c5,llex,Global,very_high,0.9228,303.72,0x5be041,applied
0x838eb8,luaX_init,Global,high,1.0000,50.87,0x5bd783,applied
0x838fac,luaX_newstring,Global,high,1.0000,42.95,0x5bd8e4,applied
0x839110,read_long_string,Global,very_high,0.9070,164.51,0x5bdc5c,applied
0x8393b8,read_string,Global,very_high,0.8882,194.30,0x5bde09,applied
0x839600,save,Global,very_high,0.9960,58.12,0x5bd71d,applied
0x8396f7,trydecpoint,Global,very_high,0.6613,28.78,0x5bda9a,applied
0x83975c,adjust_assign,Global,high,0.9862,55.10,0x5c3977,applied
0x8397cc,adjustlocalvars,Global,very_high,1.0000,50.90,0x5c36d3,applied
0x839a51,breakstat,Global,very_high,0.9643,66.06,0x5c4a0c,applied
0x839ad3,check_conflict,Global,high,1.0000,65.66,0x5c486a,applied
0x839c1c,close_func,Global,high,0.9980,155.96,0x5c3bf2,applied
0x83a034,enterlevel,Global,very_high,0.9625,22.59,0x5c39da,applied
0x83a089,errorlimit,Global,very_high,0.6777,19.87,0x5c34b8,applied
0x83a4e0,forstat,Global,very_high,0.7003,26.43,0x5c4e99,applied
0x83a565,funcargs,Global,very_high,0.8817,82.42,0x5c42fc,applied
0x83a84e,indexupvalue,Global,high,0.9726,126.22,0x5c373a,applied
0x83abfa,open_func,Global,high,1.0000,84.11,0x5c3b43,applied
0x83ad61,primaryexp,Global,very_high,0.6935,43.72,0x5c446d,applied
0x83b012,registerlocalvar,Global,very_high,0.9985,85.10,0x5c35fc,applied
0x83b250,simpleexp,Global,very_high,0.9066,81.23,0x5c4589,applied
0x83b3a9,singlevaraux,Global,high,1.0000,120.40,0x5c3883,applied
0x83b798,LoadBlock,Global,very_high,1.0000,19.88,0x5c54ce,applied
0x83b7e1,LoadConstants,Global,very_high,0.9954,173.98,0x5c55eb,applied
0x83bac1,LoadFunction,Global,very_high,0.7583,94.70,0x5c5887,applied
0x83bbeb,LoadInt,Global,very_high,1.0000,18.04,0x5c550f,applied
0x83bd73,addk,Global,very_high,0.9409,101.74,0x5c5d47,applied
0x83c362,fixjump,Global,very_high,0.9702,41.28,0x5c5af2,applied
0x83c4ff,luaK_checkstack,Global,very_high,1.0000,34.91,0x5c5ccd,applied
0x83c537,luaK_code,Global,very_high,0.9377,54.27,0x5c6086,applied
0x83cef1,luaK_storevar,Global,high,1.0000,55.97,0x5c66b1,applied
0x83f040,_ftol2_sse,Global,high,1.0000,78.45,0x5c6e10,applied
0x83f076,_ftol2,Global,high,1.0000,69.61,0x5c6e46,applied
0x83f290,_FindPESection,Global,high,1.0000,56.36,0x5c7a10,applied
0x844250,_alldiv,Global,high,1.0000,158.41,0x5c7540,applied
0x844490,_allshl,Global,high,1.0000,40.66,0x5c7630,applied
