legacy_entry_va	bsim_redux_va	legacy_name	legacy_namespace	combined_confidence	bsim_similarity	bsim_significance	bsim_agreement
0x004b14f5	0x416970	DecodeToBuffer	CStreamingOggSound	very_high	0.5308	35.23	exact
0x004bdc8b	0x4357d0	ProcessMouseRawInput	Global	high	0.9850	141.97	bsim_only
0x004712cd	0x437a70	StopMusic	Global	very_high	0.6510	20.72	exact
0x004714c6	0x437be0	TestSFX	Global	very_high	0.7915	17.77	exact
0x004807df	0x438550	Control	AudioMessageMgr	very_high	0.6056	39.72	exact
0x004904ed	0x43d6c0	RestoreBuffer	CSound	high	1.0000	67.33	bsim_only
0x0049fe24	0x43e810	Ogg_seek_func	Global	very_high	0.7287	24.19	exact
0x004a0417	0x43f5c0	Pause	OggManager	very_high	0.5323	21.22	exact
0x004a0491	0x43f690	Resume	OggManager	very_high	0.5291	22.15	exact
0x004a051c	0x43f780	Release	OggManager	very_high	0.5276	24.75	exact
0x00474951	0x442d30	DeleteCollisionEntity	Global	very_high	0.7058	49.74	exact
0x00401467	0x45c160	in	AiCmdInfo	very_high	0.6510	36.24	exact
0x00401b11	0x45daf0	End	AiMission	very_high	0.8593	41.76	exact
0x004051d7	0x4697c0	BuildingUnblock	Global	high	0.9796	41.76	bsim_only
0x004dc534	0x46cc80	ALLIE_Init	Global	very_high	0.7020	11.06	exact
0x0040c964	0x4741a0	DrawStateA	ArmoryProcess	very_high	0.9038	38.34	exact
0x0052abe8	0x47be40	BeamGunClass	BeamGunClass	very_high	0.7500	13.68	exact
0x0052b51f	0x47db90	BounceBombClass	BounceBombClass	very_high	0.6864	13.50	exact
0x00482d21	0x47ec90	Init	Building	very_high	0.5809	26.52	exact
0x0052c289	0x481220	BulletClass	BulletClass	very_high	0.7710	17.28	exact
0x00484865	0x481b10	MCUseItem	Global	very_high	0.6976	25.00	exact
0x0052cc25	0x4908a0	ChargeGunClass	ChargeGunClass	very_high	0.8312	19.36	exact
0x004c15d0	0x4979a0	Init	SelectionDisplay	very_high	0.8570	27.30	exact
0x004c38a1	0x49c390	PostLoad	ConstructionDisplay	very_high	1.0000	23.95	exact
0x004c3e3c	0x4a7440	Save	ControlPanel	very_high	0.8781	24.76	exact
0x004899b0	0x4af0a0	CraftClass	CraftClass	very_high	0.8132	24.83	exact
0x00546c02	0x4afff0	crc32check	Global	very_high	0.5908	73.81	exact
0x0052d3a9	0x4b0a00	DayWreckerClass	DayWreckerClass	very_high	0.7543	16.45	exact
0x004c7670	0x4b6fa0	PrintValue	DisplayInterface	very_high	0.5874	12.30	exact
0x004ccb86	0x4c18a0	PostLoad	EditTerrain	very_high	0.5066	23.85	exact
0x004ca442	0x4c83e0	UpdateStatusLine	EditTerrain	very_high	0.6560	28.19	exact
0x0052f363	0x4cad80	ExplosionClass	ExplosionClass	very_high	0.6283	19.61	exact
0x00547a77	0x4ccd80	out	Global	very_high	0.5590	26.35	exact
0x00547c10	0x4cd0e0	out	Global	very_high	0.5031	18.21	exact
0x00547e0b	0x4cd360	out	Global	very_high	0.5031	18.21	exact
0x0049bfc9	0x4e3290	GeoCache_AddRep	Global	very_high	0.5450	51.23	exact
0x0041326d	0x4e4b00	Save	GotoGeyser	very_high	0.5924	15.93	exact
0x0052ff43	0x4e7f60	GrenadeClass	GrenadeClass	very_high	0.7603	18.74	exact
0x0049c21a	0x4e92f0	HealthPowerupClass	HealthPowerupClass	very_high	0.7843	15.55	exact
0x0041597a	0x4f55b0	Execute	Inst01Event	very_high	0.7813	83.24	exact
0x00415c98	0x4f6640	Matches	Inst03MissionClass	very_high	0.6553	26.38	exact
0x00530e63	0x4f8a90	LauncherClass	LauncherClass	very_high	0.6766	20.88	exact
0x00416a69	0x4ff640	LuaLoader	Global	very_high	0.6044	24.54	exact
0x00418bd3	0x504ad0	BuildAt	Global	high	1.0000	51.61	bsim_only
0x00419d85	0x507b80	VECTOR_3D_NewIndex	Global	high	1.0000	54.83	bsim_only
0x0041a087	0x508270	VECTOR_3D_Eq	Global	high	1.0000	44.71	bsim_only
0x0041ae74	0x50a970	Start	LuaMission	very_high	0.7829	31.69	exact
0x0041b1a1	0x50ae40	DeleteObject	LuaMission	very_high	0.6482	23.60	exact
0x0041b35f	0x50b0b0	DeletePlayer	LuaMission	very_high	0.5899	24.49	exact
0x0041b421	0x50b190	Command	LuaMission	very_high	0.7694	60.32	exact
0x00531562	0x50c140	MagnetMineClass	MagnetMineClass	very_high	0.7659	16.47	exact
0x0041e703	0x5153e0	AddObject	Misn03Mission	very_high	0.8650	72.07	exact
0x00420d4c	0x519a60	AddObject	Misn04Mission	very_high	1.0000	27.74	exact
0x0042648c	0x5233b0	Setup	Misn06Mission	high	1.0000	102.47	bsim_only
0x0042bfc3	0x52e260	AddObject	Misn08Mission	very_high	0.9955	57.41	exact
0x0042dc6b	0x531e70	AddObject	Misn09Mission	very_high	0.8883	75.35	exact
0x0042f70d	0x534ff0	AddObject	Misn10Mission	very_high	0.8862	70.37	exact
0x0042f887	0x535270	Execute	Misn10Mission	very_high	0.6763	427.49	exact
0x00432712	0x53ad00	Setup	Misn12Mission	very_high	0.9386	61.55	exact
0x00436324	0x541a20	Setup	Misn13Mission	very_high	0.9318	62.34	exact
0x0043679b	0x5421a0	AddObject	Misn13Mission	very_high	0.9026	85.73	exact
0x00436963	0x5424c0	Execute	Misn13Mission	very_high	0.6772	534.47	exact
0x004384b1	0x545940	AddObject	Misn14Mission	very_high	1.0000	28.03	exact
0x00439831	0x547d30	AddObject	Misn15Mission	very_high	0.9957	39.01	exact
0x0043a30d	0x549290	AddObject	Misn16Mission	very_high	0.6836	63.43	exact
0x0043adc8	0x54a760	Setup	Misn17Mission	high	0.9994	41.71	bsim_only
0x0043b0f9	0x54af00	AddObject	Misn17Mission	very_high	0.8759	54.07	exact
0x00442ff2	0x559e00	Execute	Misns3Mission	very_high	0.6629	332.26	exact
0x00444a7b	0x55d040	AddObject	Misns5Mission	very_high	1.0000	47.40	exact
0x00444aef	0x55d0f0	Execute	Misns5Mission	very_high	0.6268	197.64	exact
0x00445342	0x55e1e0	AddObject	Misns6Mission	very_high	0.5327	31.26	exact
0x00445f8c	0x55f880	AddObject	Misns7Mission	very_high	0.9116	100.31	exact
0x00448af3	0x564d00	Setup	Misns8Mission	high	1.0000	61.75	bsim_only
0x004490a3	0x565870	AddObject	Misns8Mission	very_high	0.8926	87.74	exact
0x00532239	0x56aa30	MissileClass	MissileClass	very_high	0.7503	16.20	exact
0x0044bee3	0x56c0a0	Matches	MultDMMissionClass	very_high	0.7559	34.40	exact
0x0044c1ff	0x56c690	SetMostRecentKilled	MultDMMission	high	1.0000	47.95	bsim_only
0x0044c697	0x56d8b0	refresh_flags	MultGEvent	very_high	0.7233	39.32	exact
0x0044d284	0x56f320	SetMostRecentKilled	MultSTMission	high	0.9886	58.64	bsim_only
0x0053599c	0x586300	OrdnanceClass	OrdnanceClass	very_high	0.7239	22.70	exact
0x004d5474	0x594950	PostLoad	PathDisplay	very_high	0.5281	37.88	exact
0x004d6688	0x597fb0	DrawControlMenu	PathDisplay	very_high	0.5521	40.07	exact
0x004d75c3	0x598960	DoControlPath	PathDisplay	very_high	0.5114	163.18	exact
0x004a535d	0x59d0f0	Save	Person	very_high	0.6938	13.25	exact
0x004a767b	0x5a2430	PersonClass	PersonClass	very_high	0.8857	32.27	exact
0x00536931	0x5a7240	PopperGunClass	PopperGunClass	very_high	0.8040	16.93	exact
0x004a8bb4	0x5a7ca0	Save	PowerUp	very_high	0.7372	14.22	exact
0x004aa384	0x5ab2c0	PowerUpClass	PowerUpClass	very_high	0.7984	16.51	exact
0x00485dd6	0x5aba30	FindSmokeSource	Craft	high	0.9757	43.20	bsim_only
0x004ab6eb	0x5aff90	Save	Producer	very_high	0.7899	62.79	exact
0x004ac98f	0x5b0260	ProducerClass	ProducerClass	very_high	0.5642	20.10	exact
0x00459025	0x5b4f40	Save	RecyclerFriend	very_high	0.7252	33.18	exact
0x004aef79	0x5c2c70	ScavengerClass	ScavengerClass	very_high	0.8584	22.66	exact
0x004aefe8	0x5c2d60	GetScavMessage	Global	very_high	1.0000	27.94	exact
0x0045f99e	0x5cb2d0	SetAIP	Global	very_high	0.5257	62.20	exact
0x004b05f4	0x5d15b0	ShieldTowerClass	ShieldTowerClass	very_high	0.7772	17.20	exact
0x004d9e73	0x5d1dd0	PreLoad	ShockWaveEffect	very_high	0.5807	9.03	exact
0x004da9cc	0x5d6240	Init	SniperInterface	very_high	0.6585	35.32	exact
0x0053a2c9	0x5d9e70	SpecialItemClass	SpecialItemClass	very_high	0.7743	17.86	exact
0x0053a555	0x5da1e0	SprayBuildingClass	SprayBuildingClass	very_high	0.7777	17.17	exact
0x0053a4d9	0x5dacf0	SprayBombClass	SprayBombClass	very_high	0.7278	14.89	exact
0x004b1a7e	0x5dd850	SupplyDepotClass	SupplyDepotClass	very_high	0.7698	16.92	exact
0x0053af31	0x5df230	TargetingGunClass	TargetingGunClass	very_high	0.8500	21.53	exact
0x00463c78	0x5e6980	Setup	Tran02Mission	very_high	0.7534	31.04	exact
0x0046535f	0x5eae10	AddObject	Tran05Mission	very_high	0.8681	62.04	exact
0x00465639	0x5eaf60	Execute	Tran05Mission	very_high	0.6347	237.17	exact
0x004b3ba1	0x5f01d0	FindTurret	TurretCraft	very_high	0.5748	33.44	exact
0x004b48e8	0x5f1dd0	TurretCraftClass	TurretCraftClass	very_high	0.7609	16.17	exact
0x004b4a8f	0x5f2130	FindTurret	TurretTank	very_high	0.5777	33.62	exact
0x0046f80a	0x608fe0	Save	UserProcess	very_high	0.6644	24.55	exact
0x004b8a04	0x610030	WalkerClass	WalkerClass	very_high	0.8633	27.15	exact
0x0053f402	0x611aa0	WeaponClass	WeaponClass	very_high	0.5864	74.69	exact
0x004bb425	0x61df70	load_input_device	Global	very_high	0.5314	61.82	exact
0x004bb5bb	0x61e240	get_analog_num	Global	very_high	0.5993	39.62	exact
0x004ba032	0x61e5d0	get_analog_sink	Global	very_high	0.7256	163.96	exact
0x004bb703	0x61ea90	add_analog_channel	Global	very_high	0.5662	57.04	exact
0x004bb811	0x61ec80	read_chord	Global	very_high	0.5203	41.85	exact
0x004bba7c	0x61fb20	read_one_mapping_file	Global	very_high	0.7716	157.68	exact
0x004bc269	0x623620	GetStringFromRegistry	Global	very_high	0.8851	61.34	exact
0x004bd878	0x6239a0	giddi_describe_device	Global	very_high	1.0000	23.14	exact
0x004dc5ab	0x624380	Chat_InputMessage	Global	very_high	0.6031	42.26	exact
0x004dce65	0x625070	updown_callback	Global	high	1.0000	71.75	bsim_only
0x004e2dc6	0x625160	GetUnsignedFromBitfield	Global	high	1.0000	52.13	bsim_only
0x00507196	0x68f8f0	AI_Close	Global	very_high	0.9228	31.33	exact
0x005082a1	0x68f970	AI_Process	Global	very_high	0.6552	34.97	exact
0x005084fc	0x68fe40	AI_BuildingStalled	Global	very_high	0.9116	44.01	exact
0x0050770a	0x690180	AI_SpecialForcesInit	Global	very_high	1.0000	17.62	exact
0x005086bc	0x690270	AI_AIPInit	Global	very_high	1.0000	18.91	exact
0x00507d10	0x690380	AI_AIPSwitch	Global	very_high	0.7372	13.45	exact
0x0050b1e9	0x690c90	AIBuild_ResourceListDump	Global	very_high	0.7284	22.05	exact
0x0050becb	0x6924a0	AIBuild_FindFacilityLocation	Global	very_high	0.6008	38.12	exact
0x0050d0f4	0x693520	AIP_Load_Account	Global	very_high	0.5040	52.44	exact
0x0050d37a	0x693900	AIP_Load_UCP	Global	very_high	0.5862	40.19	exact
0x0050a093	0x696c90	AI_Team_UnRecruit_Single_Neighbor	Global	high	0.9784	42.79	bsim_only
0x0050a0dd	0x696d10	AI_Team_UnRecruit_Neighbors	Global	high	1.0000	52.23	bsim_only
0x0050f4f4	0x6987d0	parentheses	Global	very_high	0.6521	54.22	exact
0x0050ee1f	0x6989a0	constant_or_variable	Global	very_high	0.5655	42.65	exact
0x00510d75	0x699180	IParse_Report	Global	very_high	0.8940	21.95	exact
0x005124fe	0x69c1e0	IParse_Read_Data_Into_Buffer	Global	very_high	0.5042	48.55	exact
0x00512aa6	0x69cc40	IParse_Get_Runtime_Float	Global	very_high	0.5445	21.56	exact
0x00512d38	0x69cef0	IParse_Get_Runtime_Float_Field	Global	very_high	0.6370	18.12	exact
0x00512e17	0x69cfa0	IParse_Get_Runtime_String_Field	Global	very_high	0.8379	36.68	exact
0x005176d0	0x6a3300	AI_Team_Print_Goals	Global	very_high	0.5660	42.97	exact
0x0056d7fa	0x821ec0	fsm_pop_camera	Global	very_high	1.0000	19.00	exact
0x00525849	0x825510	GetClsnPlanes	Global	high	0.9604	42.13	bsim_only
0x0052594e	0x825650	NewObj	Global	very_high	0.9231	116.60	exact
0x00526cbe	0x825ac0	Process_VLOC_Chunk	Global	very_high	0.7123	75.42	exact
0x00527169	0x826b80	find_obj_prjid	Global	high	1.0000	44.34	bsim_only
0x005278b3	0x826c40	zfsCreateFile	Global	very_high	0.9107	53.66	exact
0x00527b23	0x827030	buildcookie	Global	very_high	0.7026	56.14	exact
0x00527c46	0x8271b0	zfsOpen	Global	very_high	0.5542	38.11	exact
0x005283b6	0x8273e0	zfsReadRecordInternal	Global	very_high	0.6626	68.47	exact
0x005b6f8f	0x82b690	adjuststack	Global	high	0.9957	58.24	bsim_only
0x005b7086	0x82b87b	luaL_addvalue	Global	high	0.9938	47.12	bsim_only
0x005b7679	0x82b9f2	luaL_checkany	Global	very_high	1.0000	18.59	exact
0x005b6e91	0x82bc6c	luaL_findtable	Global	high	1.0000	83.96	bsim_only
0x005b728c	0x82be9b	luaL_loadfile	Global	very_high	0.8651	112.76	exact
0x005b77f7	0x82c0d6	luaL_openlib	Global	very_high	0.9835	98.17	exact
0x005b76d3	0x82c225	luaL_optlstring	Global	high	1.0000	47.47	bsim_only
0x005b6cbd	0x82c341	luaL_where	Global	very_high	0.7952	23.65	exact
0x005b74a1	0x82c3b7	panic	Global	very_high	1.0000	17.44	exact
0x005b5c40	0x82c5be	lua_checkstack	Global	high	0.9962	54.07	bsim_only
0x005b6adc	0x82c61c	lua_concat	Global	high	1.0000	54.77	bsim_only
0x005b69d5	0x82c70b	lua_gc	Global	high	1.0000	78.51	bsim_only
0x005b658f	0x82c7d3	lua_getfenv	Global	high	1.0000	58.34	bsim_only
0x005b6874	0x82cb8c	lua_pcall	Global	high	0.9660	45.87	bsim_only
0x005b6345	0x82cc15	lua_pushcclosure	Global	high	1.0000	82.71	bsim_only
0x005b6669	0x82ced4	lua_rawset	Global	high	1.0000	58.14	bsim_only
0x005b66cb	0x82cf37	lua_rawseti	Global	high	1.0000	57.95	bsim_only
0x005b5d86	0x82cf99	lua_remove	Global	high	1.0000	48.39	bsim_only
0x005b5e0d	0x82cfd8	lua_replace	Global	very_high	0.9987	96.12	exact
0x005b67b8	0x82d08e	lua_setfenv	Global	high	1.0000	69.05	bsim_only
0x005b672f	0x82d16f	lua_setmetatable	Global	high	0.9646	88.99	bsim_only
0x005b5d4d	0x82d226	lua_settop	Global	high	1.0000	42.91	bsim_only
0x005b60fa	0x82d377	lua_tolstring	Global	high	1.0000	66.90	bsim_only
0x005b5f03	0x82d4b1	lua_typename	Global	very_high	1.0000	18.06	exact
0x005b5c9d	0x82d4cc	lua_xmove	Global	high	1.0000	52.38	bsim_only
0x005b7b34	0x82d5cb	f_luaopen	Global	very_high	1.0000	46.38	exact
0x005b9f36	0x82d9b5	checkArgMode	Global	high	1.0000	60.21	bsim_only
0x005b9e2e	0x82da0c	collectvalidlines	Global	high	1.0000	71.55	bsim_only
0x005b9b90	0x82dad3	currentpc	Global	high	1.0000	45.42	bsim_only
0x005b9d95	0x82db70	funcinfo	Global	high	0.9711	42.36	bsim_only
0x005ba43d	0x82dc7a	getobjname	Global	very_high	0.7117	73.18	exact
0x005ba8e5	0x82dde7	luaG_aritherror	Global	very_high	0.7235	15.24	exact
0x005ba8bd	0x82de60	luaG_concaterror	Global	very_high	0.9551	19.31	exact
0x005ba916	0x82df0d	luaG_ordererror	Global	very_high	0.8896	30.14	exact
0x005ba845	0x82dfec	luaG_typeerror	Global	very_high	0.6680	28.55	exact
0x005b8181	0x82e741	luaO_chunkid	Global	high	0.9777	206.22	bsim_only
0x005b7e3e	0x82e87e	luaO_int2fb	Global	very_high	1.0000	34.61	exact
0x005b7faa	0x82e8e4	luaO_pushvfstring	Global	very_high	0.5856	87.02	exact
0x005b7f64	0x82ebda	pushstr	Global	high	1.0000	45.25	bsim_only
0x005bd2cd	0x82ecad	luaZ_openspace	Global	high	0.9848	41.74	bsim_only
0x005bd283	0x82ecf4	luaZ_read	Global	high	1.0000	54.33	bsim_only
0x005b855f	0x82ed3d	adjust_varargs	Global	high	0.9720	165.92	bsim_only
0x005b872f	0x82ee9e	callrethooks	Global	high	1.0000	45.30	bsim_only
0x005b89e0	0x82f01b	growCI	Global	very_high	0.7642	25.43	exact
0x005b8bb4	0x82f062	luaD_call	Global	very_high	0.9044	55.63	exact
0x005b8d2c	0x82f1b5	luaD_pcall	Global	high	1.0000	51.04	bsim_only
0x005b877c	0x82f246	luaD_poscall	Global	high	1.0000	84.88	bsim_only
0x005b8425	0x82f536	luaD_reallocCI	Global	high	1.0000	46.89	bsim_only
0x005b829f	0x82f5f3	luaD_seterrorobj	Global	very_high	1.0000	48.45	exact
0x005b8c9a	0x82f6a3	lua_resume	Global	very_high	0.8313	58.83	exact
0x005b884a	0x82f739	lua_yield	Global	very_high	0.7759	20.72	exact
0x005b8c2e	0x82f7e4	resume	Global	high	1.0000	58.18	bsim_only
0x005b87fc	0x82f852	resume_error	Global	high	1.0000	48.26	bsim_only
0x005bd037	0x82f92f	luaF_close	Global	high	0.9752	61.24	bsim_only
0x005bcf72	0x82f9ac	luaF_findupval	Global	high	0.9694	83.22	bsim_only
0x005b967c	0x82fc7c	GCTM	Global	high	1.0000	94.93	bsim_only
0x005b961b	0x82fe33	checkSizes	Global	high	0.9861	57.83	bsim_only
0x005b952f	0x82ff43	freeobj	Global	high	1.0000	53.10	bsim_only
0x005b9461	0x82ffca	iscleared	Global	high	0.9814	42.66	bsim_only
0x005b8ee5	0x83018d	luaC_separateudata	Global	high	0.9915	96.37	bsim_only
0x005b99f9	0x830222	luaC_step	Global	high	1.0000	70.93	bsim_only
0x005b8e1b	0x830437	reallymarkobject	Global	high	1.0000	109.37	bsim_only
0x005b959a	0x8305c7	sweeplist	Global	high	0.9776	73.41	bsim_only
0x005b91b6	0x830650	traverseclosure	Global	high	1.0000	120.12	bsim_only
0x005bcc7c	0x830af4	luaS_resize	Global	high	0.9510	97.11	bsim_only
0x005bc241	0x830cca	findindex	Global	very_high	0.8885	70.30	exact
0x005bc701	0x830de6	luaH_get	Global	high	1.0000	62.36	bsim_only
0x005bc50a	0x831635	setnodevector	Global	very_high	0.9433	82.29	exact
0x005bd3d0	0x831798	DumpConstants	Global	high	0.9631	77.88	bsim_only
0x005babfe	0x831bea	callTM	Global	high	1.0000	51.04	bsim_only
0x005bafa0	0x831e54	l_strcmp	Global	high	1.0000	68.52	bsim_only
0x005bb176	0x831f3a	luaV_concat	Global	very_high	0.9970	184.26	exact
0x005bb3ae	0x832183	luaV_execute	Global	very_high	0.6170	585.68	exact
0x005bac91	0x8330e3	luaV_gettable	Global	very_high	0.9835	98.34	exact
0x005bad5c	0x83321b	luaV_settable	Global	very_high	0.9551	121.87	exact
0x005baa64	0x833372	luaV_tostring	Global	very_high	0.8685	34.27	exact
0x005baad6	0x8333ea	traceexec	Global	high	0.9636	85.65	bsim_only
0x005ba964	0x8334ee	luaT_init	Global	high	0.9784	50.46	bsim_only
0x005c254e	0x83353f	luaB_print	Global	very_high	1.0000	65.25	exact
0x005c2749	0x833742	luaB_getmetatable	Global	very_high	1.0000	22.75	exact
0x005c2783	0x833783	luaB_setmetatable	Global	very_high	1.0000	37.69	exact
0x005c28e7	0x833834	luaB_setfenv	Global	very_high	0.7362	35.79	exact
0x005c2a28	0x833997	luaB_collectgarbage	Global	very_high	0.8610	47.17	exact
0x005c2caf	0x833b12	luaB_load	Global	very_high	1.0000	19.99	exact
0x005c2d82	0x833bee	luaB_unpack	Global	very_high	0.7771	50.29	exact
0x005c2e0e	0x833c96	luaB_select	Global	very_high	1.0000	61.08	exact
0x005c30ef	0x833e63	luaB_costatus	Global	very_high	0.6474	17.69	exact
0x005c31e3	0x833eac	luaB_coresume	Global	very_high	0.6823	29.09	exact
0x005c32b4	0x833f22	luaB_cocreate	Global	very_high	1.0000	31.33	exact
0x005c3131	0x834002	auxresume	Global	very_high	0.9363	61.14	exact
0x005c338b	0x8340bc	base_open	Global	very_high	1.0000	27.04	exact
0x005c2c3b	0x8341f5	generic_reader	Global	very_high	0.7714	30.23	exact
0x005c27f3	0x83426a	getfunc	Global	very_high	0.7783	45.67	exact
0x005c2fcf	0x834433	luaB_newproxy	Global	very_high	1.0000	56.00	exact
0x005c1426	0x83472f	tinsert	Global	very_high	0.6653	38.66	exact
0x005c14b4	0x8347bd	tremove	Global	high	1.0000	46.18	bsim_only
0x005c1538	0x834984	addfield	Global	very_high	0.6765	17.63	exact
0x005c16d9	0x8349d5	auxsort	Global	very_high	0.5498	76.89	exact
0x005bfee1	0x8350ac	str_char	Global	very_high	0.9268	50.03	exact
0x005bffa3	0x83515d	str_dump	Global	very_high	0.8521	24.64	exact
0x005c0b9d	0x83524f	str_gsub	Global	very_high	0.8428	106.13	exact
0x005c0ac0	0x83574a	add_value	Global	very_high	0.8298	59.32	exact
0x005c0d4a	0x835822	addquoted	Global	high	1.0000	99.68	bsim_only
0x005c0064	0x8358d9	classend	Global	very_high	0.9095	64.99	exact
0x005c035f	0x835942	end_capture	Global	very_high	0.9838	65.31	exact
0x005c11d9	0x835aeb	luaopen_string	Global	very_high	1.0000	24.01	exact
0x005c03f7	0x835b72	match	Global	very_high	0.5604	116.07	exact
0x005c03ae	0x835df5	match_capture	Global	very_high	0.6638	43.59	exact
0x005c072b	0x83600d	push_captures	Global	very_high	0.8927	30.95	exact
0x005c06b9	0x836056	push_onecapture	Global	very_high	0.7294	42.48	exact
0x005c0df7	0x8360d9	scanformat	Global	very_high	1.0000	128.83	exact
0x005c0320	0x8361e7	start_capture	Global	very_high	1.0000	41.49	exact
0x005c0774	0x836232	str_find_aux	Global	very_high	0.6002	75.64	exact
0x005bf997	0x836a83	math_random	Global	very_high	0.5815	60.94	exact
0x005bf0ce	0x836dc2	db_gethook	Global	very_high	0.6477	48.32	exact
0x005bf195	0x836e87	db_debug	Global	very_high	0.6540	58.38	exact
0x005be9a4	0x8371eb	db_setmetatable	Global	very_high	1.0000	28.11	exact
0x005bea08	0x837254	db_setfenv	Global	very_high	1.0000	21.86	exact
0x005beed3	0x8376eb	hookf	Global	high	0.9811	41.97	bsim_only
0x005bef4b	0x837783	makemask	Global	high	1.0000	42.78	bsim_only
0x005c1ec8	0x837948	loader_Croot	Global	very_high	0.5199	25.71	exact
0x005c1f55	0x8379d8	loader_preload	Global	very_high	0.9459	32.73	exact
0x005c1fc1	0x837a47	ll_require	Global	very_high	0.9426	93.61	exact
0x005c2263	0x837be8	ll_module	Global	very_high	0.9022	71.82	exact
0x005c235d	0x837cea	ll_seeall	Global	very_high	1.0000	26.84	exact
0x005c1c9e	0x837d46	findfile	Global	very_high	0.7648	75.27	exact
0x005c1b3f	0x837e65	gctm	Global	very_high	0.9537	20.68	exact
0x005c1b69	0x837e92	ll_loadfunc	Global	high	1.0000	48.88	bsim_only
0x005c1e2d	0x83810b	mkfuncname	Global	very_high	0.5952	15.19	exact
0x005c220a	0x838159	modinit	Global	very_high	1.0000	32.50	exact
0x005c19fb	0x8381c0	pusherror	Global	very_high	0.7735	20.89	exact
0x005c2158	0x838231	setfenv	Global	very_high	0.9014	37.06	exact
0x005c196b	0x838317	setprogdir	Global	very_high	0.7412	30.89	exact
0x005bd6ab	0x8387f7	luaM_growaux_	Global	high	1.0000	49.20	bsim_only
0x005bd934	0x83893c	inclinenumber	Global	very_high	1.0000	84.74	exact
0x005be041	0x8389c5	llex	Global	very_high	0.9228	303.72	exact
0x005bd783	0x838eb8	luaX_init	Global	high	1.0000	50.87	bsim_only
0x005bd8e4	0x838fac	luaX_newstring	Global	high	1.0000	42.95	bsim_only
0x005bdc5c	0x839110	read_long_string	Global	very_high	0.9070	164.51	exact
0x005bde09	0x8393b8	read_string	Global	very_high	0.8882	194.30	exact
0x005bd71d	0x839600	save	Global	very_high	0.9960	58.12	exact
0x005bda9a	0x8396f7	trydecpoint	Global	very_high	0.6613	28.78	exact
0x005c3977	0x83975c	adjust_assign	Global	high	0.9862	55.10	bsim_only
0x005c36d3	0x8397cc	adjustlocalvars	Global	very_high	1.0000	50.90	exact
0x005c4a0c	0x839a51	breakstat	Global	very_high	0.9643	66.06	exact
0x005c486a	0x839ad3	check_conflict	Global	high	1.0000	65.66	bsim_only
0x005c3bf2	0x839c1c	close_func	Global	high	0.9980	155.96	bsim_only
0x005c39da	0x83a034	enterlevel	Global	very_high	0.9625	22.59	exact
0x005c34b8	0x83a089	errorlimit	Global	very_high	0.6777	19.87	exact
0x005c4e99	0x83a4e0	forstat	Global	very_high	0.7003	26.43	exact
0x005c42fc	0x83a565	funcargs	Global	very_high	0.8817	82.42	exact
0x005c373a	0x83a84e	indexupvalue	Global	high	0.9726	126.22	bsim_only
0x005c3b43	0x83abfa	open_func	Global	high	1.0000	84.11	bsim_only
0x005c446d	0x83ad61	primaryexp	Global	very_high	0.6935	43.72	exact
0x005c35fc	0x83b012	registerlocalvar	Global	very_high	0.9985	85.10	exact
0x005c4589	0x83b250	simpleexp	Global	very_high	0.9066	81.23	exact
0x005c3883	0x83b3a9	singlevaraux	Global	high	1.0000	120.40	bsim_only
0x005c54ce	0x83b798	LoadBlock	Global	very_high	1.0000	19.88	exact
0x005c55eb	0x83b7e1	LoadConstants	Global	very_high	0.9954	173.98	exact
0x005c5887	0x83bac1	LoadFunction	Global	very_high	0.7583	94.70	exact
0x005c550f	0x83bbeb	LoadInt	Global	very_high	1.0000	18.04	exact
0x005c5d47	0x83bd73	addk	Global	very_high	0.9409	101.74	exact
0x005c5af2	0x83c362	fixjump	Global	very_high	0.9702	41.28	exact
0x005c5ccd	0x83c4ff	luaK_checkstack	Global	very_high	1.0000	34.91	exact
0x005c6086	0x83c537	luaK_code	Global	very_high	0.9377	54.27	exact
0x005c66b1	0x83cef1	luaK_storevar	Global	high	1.0000	55.97	bsim_only
0x005c6e10	0x83f040	_ftol2_sse	Global	high	1.0000	78.45	bsim_only
0x005c6e46	0x83f076	_ftol2	Global	high	1.0000	69.61	bsim_only
0x005c7a10	0x83f290	_FindPESection	Global	high	1.0000	56.36	bsim_only
0x005c7540	0x844250	_alldiv	Global	high	1.0000	158.41	bsim_only
0x005c7630	0x844490	_allshl	Global	high	1.0000	40.66	bsim_only
