redux_va	apply_name	namespace	api_name	legacy_va	source_tag
0x4ff880	RepeatAudioMessage	LuaAPI	RepeatAudioMessage	0x416bf0	regtable+1.5
0x4ff890	AudioMessage	LuaAPI	AudioMessage	0x416bf8	regtable+1.5
0x4ff8d0	IsAudioMessageDone	LuaAPI	IsAudioMessageDone	0x416c1c	regtable+1.5
0x4ff910	StopAudioMessage	LuaAPI	StopAudioMessage	0x416c41	regtable+1.5
0x4ff940	IsAudioMessagePlaying	LuaAPI	IsAudioMessagePlaying	0x416c58	regtable+1.5
0x4ff960	StartSound	LuaAPI	StartSound	0x41b743	regtable+1.5
0x4ffa90	StopSound	LuaAPI	StopSound	0x41b80c	regtable+1.5
0x4ffb30	GetHandle	LuaAPI	GetHandle	0x416c70	regtable+1.5
0x4ffb70	BuildObject	LuaAPI	BuildObject	0x416c94	regtable+1.5
0x4ffca0	RemoveObject	LuaAPI	RemoveObject	0x416d45	regtable+1.5
0x4ffcd0	GetPlayerHandle	LuaAPI	GetPlayerHandle	0x416d5c	regtable+1.5
0x4ffd30	GetTeamSlot	LuaAPI	GetTeamSlot	0x416d95	regtable+1.5
0x4ffdb0	GetRecyclerHandle	LuaAPI	GetRecyclerHandle	0x416dde	regtable+1.5
0x4ffe20	GetFactoryHandle	LuaAPI	GetFactoryHandle	0x416e1a	regtable+1.5
0x4ffe90	GetArmoryHandle	LuaAPI	GetArmoryHandle	0x416e58	regtable+1.5
0x4fff00	GetConstructorHandle	LuaAPI	GetConstructorHandle	0x416e96	regtable+1.5
0x4fff70	IsOdf	LuaAPI	IsOdf	0x416ed4	regtable+1.5
0x4fffd0	GetOdf	LuaAPI	GetOdf	0x41b869	regtable+1.5
0x500060	GetWeaponClass	LuaAPI	GetWeaponClass	0x41b8a1	regtable+1.5
0x5000f0	GetBase	LuaAPI	GetBase	0x41b8f8	regtable+1.5
0x500150	GetLabel	LuaAPI	GetLabel	0x41b930	regtable+1.5
0x5001a0	SetLabel	LuaAPI	SetLabel		regtable_reduxonly
0x5001f0	GetClassSig	LuaAPI	GetClassSig	0x41b997	regtable+1.5
0x500280	GetClassLabel	LuaAPI	GetClassLabel	0x41b9f1	regtable+1.5
0x5002e0	GetClassId	LuaAPI	GetClassId	0x41ba25	regtable+1.5
0x500340	GetNation	LuaAPI	GetNation	0x41ba59	regtable+1.5
0x5003a0	IsValid	LuaAPI	IsValid	0x416f08	regtable+1.5
0x5003e0	IsAlive	LuaAPI	IsAlive	0x416f36	regtable+1.5
0x500420	IsAliveAndPilot	LuaAPI	IsAliveAndPilot	0x416f64	regtable+1.5
0x500460	IsCraft	LuaAPI	IsCraft	0x416f92	regtable+1.5
0x5004a0	IsBuilding	LuaAPI	IsBuilding	0x416fb7	regtable+1.5
0x5004e0	IsPerson	LuaAPI	IsPerson	0x416fdc	regtable+1.5
0x500520	IsDamaged	LuaAPI	IsDamaged	0x417001	regtable+1.5
0x500590	SetLocal	LuaAPI	SetLocal	0x417041	regtable+1.5
0x5005c0	IsLocal	LuaAPI	IsLocal	0x417058	regtable+1.5
0x500600	IsRemote	LuaAPI	IsRemote	0x41707d	regtable+1.5
0x500640	GetTeamNum	LuaAPI	GetTeamNum	0x4170a2	regtable+1.5
0x500680	SetTeamNum	LuaAPI	SetTeamNum	0x4170c4	regtable+1.5
0x5006c0	GetPerceivedTeam	LuaAPI	GetPerceivedTeam	0x4170eb	regtable+1.5
0x500700	SetPerceivedTeam	LuaAPI	SetPerceivedTeam	0x41710d	regtable+1.5
0x500740	SetUserTarget	LuaAPI	SetUserTarget	0x417134	regtable+1.5
0x500770	GetUserTarget	LuaAPI	GetUserTarget	0x41714b	regtable+1.5
0x5007a0	SetTarget	LuaAPI	SetTarget	0x417160	regtable+1.5
0x5007e0	GetTarget	LuaAPI	GetTarget	0x417187	regtable+1.5
0x500820	SetOwner	LuaAPI	SetOwner	0x4171a9	regtable+1.5
0x500860	GetOwner	LuaAPI	GetOwner	0x4171d0	regtable+1.5
0x5008a0	SetPilotClass	LuaAPI	SetPilotClass	0x4171f2	regtable+1.5
0x5008e0	GetPilotClass	LuaAPI	GetPilotClass	0x41ba93	regtable+1.5
0x500940	SetVector	LuaAPI	SetVector	0x41bace	regtable+1.5
0x500a30	DotProduct	LuaAPI	DotProduct	0x41bb2e	regtable+1.5
0x500a80	CrossProduct	LuaAPI	CrossProduct	0x41bb6f	regtable+1.5
0x500b10	Normalize	LuaAPI	Normalize	0x41bbba	regtable+1.5
0x500b90	Length	LuaAPI	Length	0x41bbf8	regtable+1.5
0x500be0	LengthSquared	LuaAPI	LengthSquared	0x41bc28	regtable+1.5
0x500c20	Distance2D	LuaAPI	Distance2D	0x41bc5e	regtable+1.5
0x500c80	Distance2DSquared	LuaAPI	Distance2DSquared	0x41bca1	regtable+1.5
0x500cd0	Distance3D	LuaAPI	Distance3D	0x41bce2	regtable+1.5
0x500d50	Distance3DSquared	LuaAPI	Distance3DSquared	0x41bd2c	regtable+1.5
0x500dd0	SetMatrix	LuaAPI	SetMatrix	0x41bd76	regtable+1.5
0x5010f0	BuildAxisRotationMatrix	LuaAPI	BuildAxisRotationMatrix	0x41721b	regtable+1.5
0x501240	BuildPositionRotationMatrix	LuaAPI	BuildPositionRotationMatrix	0x41730f	regtable+1.5
0x5013f0	BuildOrthogonalMatrix	LuaAPI	BuildOrthogonalMatrix	0x417408	regtable+1.5
0x5014a0	BuildDirectionalMatrix	LuaAPI	BuildDirectionalMatrix	0x41746f	regtable+1.5
0x501550	GetTransform	LuaAPI	GetTransform	0x4174d6	regtable+1.5
0x5015d0	SetTransform	LuaAPI	SetTransform	0x41751b	regtable+1.5
0x501620	GetPosition	LuaAPI	GetPosition	0x417548	regtable+1.5
0x501710	SetPosition	LuaAPI	SetPosition	0x41bee5	regtable+1.5
0x501800	GetFront	LuaAPI	GetFront	0x417620	regtable+1.5
0x501880	GetVelocity	LuaAPI	GetVelocity	0x41765e	regtable+1.5
0x501900	SetVelocity	LuaAPI	SetVelocity	0x41769c	regtable+1.5
0x501950	GetOmega	LuaAPI	GetOmega	0x4176c9	regtable+1.5
0x5019d0	SetOmega	LuaAPI	SetOmega	0x417707	regtable+1.5
0x501a20	GetCircularPos	LuaAPI	GetCircularPos	0x41774e	regtable+1.5
0x501b00	GetPositionNear	LuaAPI	GetPositionNear	0x4177c8	regtable+1.5
0x501be0	GetWhoShotMe	LuaAPI	GetWhoShotMe	0x417842	regtable+1.5
0x501c20	GetLastEnemyShot	LuaAPI	GetLastEnemyShot	0x417864	regtable+1.5
0x501c60	GetLastFriendShot	LuaAPI	GetLastFriendShot	0x417889	regtable+1.5
0x501ca0	DefaultAllies	LuaAPI	DefaultAllies	0x4178ae	regtable+1.5
0x501cb0	LockAllies	LuaAPI	LockAllies	0x4178b6	regtable+1.5
0x501cf0	Ally	LuaAPI	Ally	0x4178d5	regtable+1.5
0x501d30	UnAlly	LuaAPI	UnAlly	0x417916	regtable+1.5
0x501d70	IsTeamAllied	LuaAPI	IsTeamAllied	0x417957	regtable+1.5
0x501dd0	IsAlly	LuaAPI	IsAlly	0x4179a2	regtable+1.5
0x501e30	SetObjectiveOn	LuaAPI	SetObjectiveOn	0x417a3d	regtable+1.5
0x501e60	SetObjectiveOff	LuaAPI	SetObjectiveOff	0x417a54	regtable+1.5
0x501e90	SetObjectiveName	LuaAPI	SetObjectiveName	0x417a6b	regtable+1.5
0x501ed0	GetObjectiveName	LuaAPI	GetObjectiveName	0x417a94	regtable+1.5
0x501f20	GetTime	LuaAPI	GetTime	0x417abf	regtable+1.5
0x501f50	GetTimeNow	LuaAPI	GetTimeNow	0x417ad9	regtable+1.5
0x501f90	GetTimeStep	LuaAPI	GetTimeStep	0x417b04	regtable+1.5
0x501fc0	GetDistance	LuaAPI	GetDistance	0x417b1e	regtable+1.5
0x502100	IsWithin	LuaAPI	IsWithin	0x417bda	regtable+1.5
0x502240	AllObjects	LuaAPI	AllObjects	0x41cd24	regtable+1.5
0x502330	AllCraft	LuaAPI	AllCraft	0x41cdbc	regtable+1.5
0x502490	ObjectsInRange	LuaAPI	ObjectsInRange	0x41ceb0	regtable+1.5
0x502730	SelectedObjects	LuaAPI	SelectedObjects	0x41bfe2	regtable+1.5
0x502810	ObjectiveObjects	LuaAPI	ObjectiveObjects	0x41c06f	regtable+1.5
0x502840	GetNearestObject	LuaAPI	GetNearestObject	0x417c45	regtable+1.5
0x502960	GetNearestVehicle	LuaAPI	GetNearestVehicle	0x417cea	regtable+1.5
0x502a80	GetNearestBuilding	LuaAPI	GetNearestBuilding	0x417d8f	regtable+1.5
0x502ba0	GetNearestEnemy	LuaAPI	GetNearestEnemy	0x417e34	regtable+1.5
0x502cc0	GetNearestFriend	LuaAPI	GetNearestFriend		regtable_reduxonly
0x502de0	CountUnitsNearObject	LuaAPI	CountUnitsNearObject	0x417ed9	regtable+1.5
0x502e70	GetRidOfSomeScrap	LuaAPI	GetRidOfSomeScrap	0x417f34	regtable+1.5
0x502ea0	ClearScrapAround	LuaAPI	ClearScrapAround	0x417f50	regtable+1.5
0x502fe0	AddPilot	LuaAPI	AddPilot	0x418007	regtable+1.5
0x503030	SetPilot	LuaAPI	SetPilot	0x418036	regtable+1.5
0x503080	GetPilot	LuaAPI	GetPilot	0x418065	regtable+1.5
0x5030c0	AddMaxPilot	LuaAPI	AddMaxPilot	0x418087	regtable+1.5
0x503110	SetMaxPilot	LuaAPI	SetMaxPilot	0x4180b6	regtable+1.5
0x503160	GetMaxPilot	LuaAPI	GetMaxPilot	0x4180e5	regtable+1.5
0x5031a0	AddScrap	LuaAPI	AddScrap	0x418107	regtable+1.5
0x5031f0	SetScrap	LuaAPI	SetScrap	0x418136	regtable+1.5
0x503240	GetScrap	LuaAPI	GetScrap	0x418165	regtable+1.5
0x503280	AddMaxScrap	LuaAPI	AddMaxScrap	0x418187	regtable+1.5
0x5032d0	SetMaxScrap	LuaAPI	SetMaxScrap	0x4181b6	regtable+1.5
0x503320	GetMaxScrap	LuaAPI	GetMaxScrap	0x4181e5	regtable+1.5
0x503360	IsDeployed	LuaAPI	IsDeployed	0x418207	regtable+1.5
0x5033a0	Deploy	LuaAPI	Deploy	0x41822c	regtable+1.5
0x5033d0	IsSelected	LuaAPI	IsSelected	0x418243	regtable+1.5
0x503410	IsCritical	LuaAPI	IsCritical		regtable_reduxonly
0x503450	SetCritical	LuaAPI	SetCritical		regtable_reduxonly
0x5034e0	SetWeaponMask	LuaAPI	SetWeaponMask	0x418268	regtable+1.5
0x503520	GiveWeapon	LuaAPI	GiveWeapon	0x41828f	regtable+1.5
0x5035c0	FireAt	LuaAPI	FireAt	0x4182f1	regtable+1.5
0x503600	Damage	LuaAPI	Damage	0x418318	regtable+1.5
0x503650	SetAIControl	LuaAPI	SetAIControl	0x41833f	regtable+1.5
0x5036c0	GetAIControl	LuaAPI	GetAIControl		regtable_reduxonly
0x503700	SetAIP	LuaAPI	SetAIP	0x418383	regtable+1.5
0x503750	GetAIP	LuaAPI	GetAIP	0x4183ae	regtable+1.5
0x5037a0	FailMission	LuaAPI	FailMission	0x4183db	regtable+1.5
0x5037f0	SucceedMission	LuaAPI	SucceedMission	0x418410	regtable+1.5
0x503920	ClearObjectives	LuaAPI	ClearObjectives	0x418445	regtable+1.5
0x503a40	AddObjective	LuaAPI	AddObjective	0x4184fb	regtable+1.5
0x503ae0	UpdateObjective	LuaAPI	UpdateObjective	0x41854f	regtable+1.5
0x503b80	RemoveObjective	LuaAPI	RemoveObjective	0x4185a3	regtable+1.5
0x503bb0	StartCockpitTimer	LuaAPI	StartCockpitTimer	0x4185c1	regtable+1.5
0x503c10	StartCockpitTimerUp	LuaAPI	StartCockpitTimerUp	0x4185fe	regtable+1.5
0x503c70	StopCockpitTimer	LuaAPI	StopCockpitTimer	0x41863b	regtable+1.5
0x503c80	HideCockpitTimer	LuaAPI	HideCockpitTimer	0x418645	regtable+1.5
0x503c90	GetCockpitTimer	LuaAPI	GetCockpitTimer	0x418652	regtable+1.5
0x503cc0	StartEarthquake	LuaAPI	StartEarthquake	0x418667	regtable+1.5
0x503cf0	UpdateEarthQuake	LuaAPI	UpdateEarthQuake	0x41867f	regtable+1.5
0x503d20	StopEarthquake	LuaAPI	StopEarthquake	0x418697	regtable+1.5
0x503d30	GetPathType	LuaAPI	GetPathType		regtable_reduxonly
0x503d70	SetPathType	LuaAPI	SetPathType		regtable_reduxonly
0x503db0	SetPathOneWay	LuaAPI	SetPathOneWay	0x4186a4	regtable+1.5
0x503de0	SetPathRoundTrip	LuaAPI	SetPathRoundTrip	0x4186bf	regtable+1.5
0x503e10	SetPathLoop	LuaAPI	SetPathLoop	0x4186da	regtable+1.5
0x503e40	GetPathPointCount	LuaAPI	GetPathPointCount		regtable_reduxonly
0x503e80	GetWindingNumber	LuaAPI	GetWindingNumber		regtable_reduxonly
0x503f80	IsInsideArea	LuaAPI	IsInsideArea		regtable_reduxonly
0x504070	CanCommand	LuaAPI	CanCommand	0x4186f5	regtable+1.5
0x5040b0	CanBuild	LuaAPI	CanBuild	0x41871a	regtable+1.5
0x5040f0	IsBusy	LuaAPI	IsBusy	0x41873f	regtable+1.5
0x504130	GetCurrentCommand	LuaAPI	GetCurrentCommand	0x418764	regtable+1.5
0x504170	GetCurrentWho	LuaAPI	GetCurrentWho	0x418786	regtable+1.5
0x5041b0	SetIndependence	LuaAPI	SetIndependence	0x4187a8	regtable+1.5
0x5041f0	GetIndependence	LuaAPI	GetIndependence	0x4187cf	regtable+1.5
0x504230	SetCommand	LuaAPI	SetCommand	0x41c091	regtable+1.5
0x504440	Attack	LuaAPI	Attack	0x4187f1	regtable+1.5
0x5044a0	Goto	LuaAPI	Goto	0x418827	regtable+1.5
0x5045d0	Mine	LuaAPI	Mine	0x4188d7	regtable+1.5
0x5046c0	Follow	LuaAPI	Follow	0x418971	regtable+1.5
0x504720	Defend	LuaAPI	Defend	0x4189a7	regtable+1.5
0x504760	Defend2	LuaAPI	Defend2	0x4189d0	regtable+1.5
0x5047c0	Stop	LuaAPI	Stop	0x418a06	regtable+1.5
0x504800	Patrol	LuaAPI	Patrol	0x418a2f	regtable+1.5
0x504860	Retreat	LuaAPI	Retreat	0x418a67	regtable+1.5
0x5048f0	GetIn	LuaAPI	GetIn	0x418ac3	regtable+1.5
0x504950	Pickup	LuaAPI	Pickup	0x418af9	regtable+1.5
0x5049b0	Dropoff	LuaAPI	Dropoff	0x418b2f	regtable+1.5
0x504a70	Build	LuaAPI	Build	0x418b9b	regtable+1.5
0x504ad0	BuildAt	LuaAPI	BuildAt	0x418bd3	regtable+1.5
0x504be0	HasCargo	LuaAPI	HasCargo	0x418c87	regtable+1.5
0x504c20	EjectPilot	LuaAPI	EjectPilot	0x418cac	regtable+1.5
0x504c50	HopOut	LuaAPI	HopOut	0x418cc3	regtable+1.5
0x504c80	KillPilot	LuaAPI	KillPilot	0x418cda	regtable+1.5
0x504cb0	RemovePilot	LuaAPI	RemovePilot	0x418cf1	regtable+1.5
0x504ce0	HoppedOutOf	LuaAPI	HoppedOutOf	0x418d08	regtable+1.5
0x504d20	GetHealth	LuaAPI	GetHealth	0x418d29	regtable+1.5
0x504d60	GetCurHealth	LuaAPI	GetCurHealth	0x418d4e	regtable+1.5
0x504da0	GetMaxHealth	LuaAPI	GetMaxHealth	0x418d73	regtable+1.5
0x504de0	SetCurHealth	LuaAPI	SetCurHealth	0x418d98	regtable+1.5
0x504e30	SetMaxHealth	LuaAPI	SetMaxHealth	0x418dc3	regtable+1.5
0x504e80	AddHealth	LuaAPI	AddHealth	0x418dee	regtable+1.5
0x504ed0	GetAmmo	LuaAPI	GetAmmo	0x418e19	regtable+1.5
0x504f10	GetCurAmmo	LuaAPI	GetCurAmmo	0x418e3e	regtable+1.5
0x504f50	GetMaxAmmo	LuaAPI	GetMaxAmmo	0x418e60	regtable+1.5
0x504f90	SetCurAmmo	LuaAPI	SetCurAmmo	0x418e82	regtable+1.5
0x504fd0	SetMaxAmmo	LuaAPI	SetMaxAmmo	0x418ea9	regtable+1.5
0x505010	AddAmmo	LuaAPI	AddAmmo	0x418ed0	regtable+1.5
0x505050	GetTug	LuaAPI	GetTug	0x418ef7	regtable+1.5
0x505090	CameraReady	LuaAPI	CameraReady	0x418f19	regtable+1.5
0x5050b0	CameraPath	LuaAPI	CameraPath	0x418f31	regtable+1.5
0x505130	CameraPathDir	LuaAPI	CameraPathDir	0x418f84	regtable+1.5
0x5051a0	PanDone	LuaAPI	PanDone	0x418fc5	regtable+1.5
0x5051c0	CameraObject	LuaAPI	CameraObject	0x418fdd	regtable+1.5
0x505250	CameraFinish	LuaAPI	CameraFinish	0x41903d	regtable+1.5
0x505270	CameraCancelled	LuaAPI	CameraCancelled	0x419055	regtable+1.5
0x505290	IsInfo	LuaAPI	IsInfo	0x41906d	regtable+1.5
0x505310	IsNetGame	LuaAPI	IsNetGame	0x419094	regtable+1.5
0x505330	IsHosting	LuaAPI	IsHosting	0x4190ac	regtable+1.5
0x505350	DisplayMessage	LuaAPI	DisplayMessage	0x4190c4	regtable+1.5
0x5060f0	Send	LuaAPI	Send	0x419760	regtable+1.5
0x506310	OpenODF	LuaAPI	OpenODF	0x41985e	regtable+1.5
0x5064d0	GetODFBool	LuaAPI	GetODFBool	0x419910	regtable+1.5
0x5065d0	GetODFInt	LuaAPI	GetODFInt	0x4199be	regtable+1.5
0x5066a0	GetODFFloat	LuaAPI	GetODFFloat	0x419a4d	regtable+1.5
0x506780	GetODFString	LuaAPI	GetODFString	0x419aea	regtable+1.5
0x506870	GetTerrainHeightAndNormal	LuaAPI	GetTerrainHeightAndNormal	0x419b87	regtable+1.5
0x506a40	GetFloorHeightAndNormal	LuaAPI	GetFloorHeightAndNormal	0x419c48	regtable+1.5
0x506e40	GetMissionFilename	LuaAPI	GetMissionFilename		regtable_reduxonly
0x506e60	GetMapTRNFilename	LuaAPI	GetMapTRNFilename	0x419d0a	regtable+1.5
0x506e80	UseItem	LuaAPI	UseItem		regtable_reduxonly
0x506ef0	ColorFade	LuaAPI	ColorFade		regtable_reduxonly
0x506f80	Cloak	LuaAPI	Cloak		regtable_reduxonly
0x506fb0	Decloak	LuaAPI	Decloak		regtable_reduxonly
0x506fe0	SetCloaked	LuaAPI	SetCloaked		regtable_reduxonly
0x507010	SetDecloaked	LuaAPI	SetDecloaked		regtable_reduxonly
0x507040	IsCloaked	LuaAPI	IsCloaked		regtable_reduxonly
0x507080	EnableAllCloaking	LuaAPI	EnableAllCloaking		regtable_reduxonly
0x5070f0	EnableCloaking	LuaAPI	EnableCloaking		regtable_reduxonly
0x507170	SetName	LuaAPI	SetName		regtable_reduxonly
0x5071b0	GetNearestUnitOnTeam	LuaAPI	GetNearestUnitOnTeam		regtable_reduxonly
0x507380	Hunt	LuaAPI	Hunt		regtable_reduxonly
0x5073c0	PortalOut	LuaAPI	PortalOut		regtable_reduxonly
0x507410	PortalIn	LuaAPI	PortalIn		regtable_reduxonly
0x507460	BuildObjectAtPortal	LuaAPI	BuildObjectAtPortal		regtable_reduxonly
0x5074d0	ActivatePortal	LuaAPI	ActivatePortal		regtable_reduxonly
0x507530	DeactivatePortal	LuaAPI	DeactivatePortal		regtable_reduxonly
0x5075a0	Hide	LuaAPI	Hide		regtable_reduxonly
0x5075d0	UnHide	LuaAPI	UnHide		regtable_reduxonly
0x507600	IsTouching	LuaAPI	IsTouching		regtable_reduxonly
0x507680	IsIn	LuaAPI	IsIn		regtable_reduxonly
0x5076e0	GiveMaxHealth	LuaAPI	GiveMaxHealth		regtable_reduxonly
0x507720	MakeExplosion	LuaAPI	MakeExplosion		regtable_reduxonly
0x5077f0	IsRecycledByTeam	LuaAPI	IsRecycledByTeam		regtable_reduxonly
0x5078d0	IsFollowing	LuaAPI	IsFollowing		regtable_reduxonly
0x507930	GetCargo	LuaAPI	GetCargo		regtable_reduxonly
0x5079b0	Formation	LuaAPI	Formation		regtable_reduxonly
0x507a00	GiveMaxAmmo	LuaAPI	GiveMaxAmmo		regtable_reduxonly
