label,thread,symbol,module,self_samples,self_percent,total_samples,window_seconds
fourteam_fire_prefix,36116,ntdll.dll!_RtlpGetCodePageData@4+0x29,ntdll.dll,775,5.81,13339,20.016
fourteam_fire_prefix,36116,ntdll.dll!_RtlpIsUtf8Process@4+0xe,ntdll.dll,598,4.4831,13339,20.016
fourteam_fire_prefix,36116,ntdll.dll!__output_l+0x328,ntdll.dll,452,3.3886,13339,20.016
fourteam_fire_prefix,36116,ntdll.dll!_RtlAnsiCharToUnicodeChar@4+0x36,ntdll.dll,448,3.3586,13339,20.016
fourteam_fire_prefix,36116,ntdll.dll!_RtlAnsiCharToUnicodeChar@4+0x19,ntdll.dll,234,1.7543,13339,20.016
fourteam_fire_prefix,36116,ntdll.dll!_ZwQueryFullAttributesFile@8+0xc,ntdll.dll,221,1.6568,13339,20.016
fourteam_fire_prefix,36116,ntdll.dll!__woutput_l+0x8a1,ntdll.dll,196,1.4694,13339,20.016
fourteam_fire_prefix,36116,ntdll.dll!_ZwQueryVirtualMemory@24+0xc,ntdll.dll,154,1.1545,13339,20.016
fourteam_fire_prefix,36116,battlezone98redux.exe!sub_454cf0,battlezone98redux.exe,149,1.117,13339,20.016
fourteam_fire_prefix,36116,ntdll.dll!_memset+0x45,ntdll.dll,90,0.6747,13339,20.016
fourteam_fire_prefix,36116,battlezone98redux.exe!sub_678cd0,battlezone98redux.exe,77,0.5773,13339,20.016
fourteam_fire_prefix,36116,battlezone98redux.exe!sub_446360,battlezone98redux.exe,75,0.5623,13339,20.016
fourteam_fire_prefix,36116,ntdll.dll!_RtlInitAnsiString@8+0x1b,ntdll.dll,68,0.5098,13339,20.016
fourteam_fire_prefix,36116,MSVCR120.dll!memmove+0xc9,MSVCR120.dll,68,0.5098,13339,20.016
fourteam_fire_prefix,36116,ntdll.dll!_RtlInitString@8+0x1b,ntdll.dll,61,0.4573,13339,20.016
fourteam_fire_prefix,36116,ntdll.dll!_RtlAbPostRelease@8+0x28,ntdll.dll,51,0.3823,13339,20.016
fourteam_fire_prefix,36116,battlezone98redux.exe!sub_4933e0,battlezone98redux.exe,50,0.3748,13339,20.016
fourteam_fire_prefix,36116,battlezone98redux.exe!sub_81fe60,battlezone98redux.exe,49,0.3673,13339,20.016
fourteam_fire_prefix,36116,battlezone98redux.exe!sub_461fd0,battlezone98redux.exe,47,0.3524,13339,20.016
fourteam_fire_prefix,36116,ntdll.dll!write_string+0x31,ntdll.dll,47,0.3524,13339,20.016
fourteam_fire_prefix,36116,ntdll.dll!__fputwc_nolock+0x2e,ntdll.dll,47,0.3524,13339,20.016
fourteam_fire_prefix,36116,ntdll.dll!_RtlCustomCPToUnicodeN@24+0x6b,ntdll.dll,46,0.3449,13339,20.016
fourteam_fire_prefix,36116,RenderSystem_Direct3D11.dll!?bindGpuProgramParameters@D3D11RenderSystem@Ogre@@UAEXW4GpuProgramType@2@V?$SharedPtr@VGpuProgramParameters@Ogre@@@2@G@Z+0x54a,RenderSystem_Direct3D11.dll,44,0.3299,13339,20.016
fourteam_fire_prefix,36116,MSVCR120.dll!memmove+0xc7,MSVCR120.dll,43,0.3224,13339,20.016
fourteam_fire_prefix,36116,ntdll.dll!write_char+0x35,ntdll.dll,43,0.3224,13339,20.016
fourteam_fire_prefix,36116,ntdll.dll!__output_l+0x11e,ntdll.dll,43,0.3224,13339,20.016
fourteam_fire_prefix,36116,ntdll.dll!__output_l+0xc4,ntdll.dll,42,0.3149,13339,20.016
fourteam_fire_prefix,36116,battlezone98redux.exe!sub_687340,battlezone98redux.exe,41,0.3074,13339,20.016
fourteam_fire_prefix,36116,ntdll.dll!write_char+0x21,ntdll.dll,40,0.2999,13339,20.016
fourteam_fire_prefix,36116,ntdll.dll!__output_l+0x9e,ntdll.dll,40,0.2999,13339,20.016
fourteam_fire_prefix,36116,battlezone98redux.exe!sub_447e70,battlezone98redux.exe,40,0.2999,13339,20.016
fourteam_fire_prefix,36116,ntdll.dll!_RtlUnicodeToMultiByteN@20+0x21,ntdll.dll,39,0.2924,13339,20.016
fourteam_fire_prefix,36116,MSVCR120.dll!floor+0x15,MSVCR120.dll,38,0.2849,13339,20.016
fourteam_fire_prefix,36116,ntdll.dll!write_char+0xc,ntdll.dll,38,0.2849,13339,20.016
fourteam_fire_prefix,36116,ntdll.dll!__output_l+0xd2,ntdll.dll,38,0.2849,13339,20.016
fourteam_fire_prefix,36116,ntdll.dll!LdrpNameToOrdinal+0x3c,ntdll.dll,37,0.2774,13339,20.016
fourteam_fire_prefix,36116,ntdll.dll!__output_l+0x30d,ntdll.dll,36,0.2699,13339,20.016
fourteam_fire_prefix,36116,battlezone98redux.exe!sub_62e710,battlezone98redux.exe,35,0.2624,13339,20.016
fourteam_fire_prefix,36116,ntdll.dll!_RtlCustomCPToUnicodeN@24+0x6f,ntdll.dll,34,0.2549,13339,20.016
fourteam_fire_prefix,36116,battlezone98redux.exe!sub_4428b0,battlezone98redux.exe,33,0.2474,13339,20.016
fourteam_fire_prefix,36116,MSVCR120.dll!__libm_sse2_acosf+0xa6,MSVCR120.dll,32,0.2399,13339,20.016
fourteam_fire_prefix,36116,ntdll.dll!_RtlMultiByteToUnicodeN@20+0x21,ntdll.dll,32,0.2399,13339,20.016
fourteam_fire_prefix,36116,ntdll.dll!LdrpNameToOrdinal+0x36,ntdll.dll,31,0.2324,13339,20.016
fourteam_fire_prefix,36116,OgreMain.dll!?_findVisibleObjects@SceneNode@Ogre@@UAEXPAVCamera@2@PAVRenderQueue@2@PAUVisibleObjectsBoundsInfo@2@_N33@Z+0x7e,OgreMain.dll,31,0.2324,13339,20.016
fourteam_fire_prefix,36116,OgreMain.dll!?isInLightRange@Light@Ogre@@QBE_NABVSphere@2@@Z+0x172,OgreMain.dll,31,0.2324,13339,20.016
fourteam_fire_prefix,36116,win32u.dll!_NtUserPeekMessage@24+0xc,win32u.dll,30,0.2249,13339,20.016
fourteam_fire_prefix,36116,ntdll.dll!_RtlpGetCodePageData@4+0x18,ntdll.dll,30,0.2249,13339,20.016
fourteam_fire_prefix,36116,ntdll.dll!write_char+0x3,ntdll.dll,29,0.2174,13339,20.016
fourteam_fire_prefix,36116,battlezone98redux.exe!sub_440130,battlezone98redux.exe,28,0.2099,13339,20.016
fourteam_fire_prefix,36116,ntdll.dll!_RtlpIsUtf8Process@4+0x3,ntdll.dll,28,0.2099,13339,20.016
fourteam_fire_prefix,36116,battlezone98redux.exe!sub_678950,battlezone98redux.exe,28,0.2099,13339,20.016
fourteam_fire_prefix,36116,ntdll.dll!write_string+0x3a,ntdll.dll,28,0.2099,13339,20.016
fourteam_fire_prefix,36116,ntdll.dll!_RtlCustomCPToUnicodeN@24+0x104,ntdll.dll,28,0.2099,13339,20.016
fourteam_fire_prefix,36116,OgreMain.dll!?isInLightRange@Light@Ogre@@QBE_NABVSphere@2@@Z+0x74,OgreMain.dll,28,0.2099,13339,20.016
fourteam_fire_prefix,36116,ntdll.dll!_RtlAnsiCharToUnicodeChar@4+0x9d,ntdll.dll,27,0.2024,13339,20.016
fourteam_fire_prefix,36116,ntdll.dll!write_string+0xd,ntdll.dll,27,0.2024,13339,20.016
fourteam_fire_prefix,36116,ntdll.dll!_RtlpGetCodePageData@4,ntdll.dll,27,0.2024,13339,20.016
fourteam_fire_prefix,36116,OgreMain.dll!?getHasInstanceData@VertexBufferBinding@Ogre@@UBE_NXZ+0x13,OgreMain.dll,26,0.1949,13339,20.016
fourteam_fire_prefix,36116,ntdll.dll!_RtlUnicodeToCustomCPN@24+0xcd,ntdll.dll,26,0.1949,13339,20.016
fourteam_fire_prefix,36116,OgreMain.dll!?_updateBounds@SceneNode@Ogre@@UAEXXZ+0x19c,OgreMain.dll,26,0.1949,13339,20.016
fourteam_fire_prefix,36116,OgreMain.dll!?isVisible@ShadowRenderable@Ogre@@UBE_NXZ+0x236,OgreMain.dll,26,0.1949,13339,20.016
fourteam_fire_prefix,36116,ntdll.dll!write_string+0x64,ntdll.dll,26,0.1949,13339,20.016
fourteam_fire_prefix,36116,battlezone98redux.exe!sub_62e070,battlezone98redux.exe,26,0.1949,13339,20.016
fourteam_fire_prefix,36116,MSVCR120.dll!__libm_sse2_acosf+0x4c,MSVCR120.dll,25,0.1874,13339,20.016
fourteam_fire_prefix,36116,battlezone98redux.exe!sub_60f320,battlezone98redux.exe,25,0.1874,13339,20.016
fourteam_fire_prefix,36116,OgreMain.dll!?findLightsAffectingFrustum@SceneManager@Ogre@@MAEXPBVCamera@2@@Z+0x119,OgreMain.dll,25,0.1874,13339,20.016
fourteam_fire_prefix,36116,RenderSystem_Direct3D11.dll!?getILayoutByShader@D3D11VertexDeclaration@Ogre@@IAEPAUID3D11InputLayout@@PAVD3D11HLSLProgram@2@PAVVertexBufferBinding@2@@Z+0x24f,RenderSystem_Direct3D11.dll,24,0.1799,13339,20.016
fourteam_fire_prefix,36116,ntdll.dll!__output_l+0xec,ntdll.dll,24,0.1799,13339,20.016
fourteam_fire_prefix,36116,ntdll.dll!_RtlMultiByteToUnicodeN@20+0x13,ntdll.dll,23,0.1724,13339,20.016
fourteam_fire_prefix,36116,battlezone98redux.exe!sub_493330,battlezone98redux.exe,23,0.1724,13339,20.016
fourteam_fire_prefix,36116,battlezone98redux.exe!sub_444ba0,battlezone98redux.exe,23,0.1724,13339,20.016
fourteam_fire_prefix,36116,ntdll.dll!_wctomb_s+0x18,ntdll.dll,22,0.1649,13339,20.016
fourteam_fire_prefix,36116,ntdll.dll!_RtlMultiByteToUnicodeN@20+0x23,ntdll.dll,22,0.1649,13339,20.016
fourteam_fire_prefix,36116,battlezone98redux.exe!sub_44dca0,battlezone98redux.exe,22,0.1649,13339,20.016
fourteam_fire_prefix,36116,ntdll.dll!_RtlAnsiCharToUnicodeChar@4+0x84,ntdll.dll,22,0.1649,13339,20.016
fourteam_fire_prefix,36116,ntdll.dll!__fputwc_nolock+0x2,ntdll.dll,21,0.1574,13339,20.016
fourteam_fire_prefix,36116,battlezone98redux.exe!sub_4f90a0,battlezone98redux.exe,21,0.1574,13339,20.016
fourteam_fire_prefix,36116,battlezone98redux.exe!sub_784180,battlezone98redux.exe,21,0.1574,13339,20.016
fourteam_fire_prefix,36116,battlezone98redux.exe!sub_4f90f0,battlezone98redux.exe,21,0.1574,13339,20.016
fourteam_fire_prefix,36116,ntdll.dll!__wctomb_s_l+0x68,ntdll.dll,21,0.1574,13339,20.016
fourteam_fire_prefix,36116,OgreMain.dll!?ACos@Math@Ogre@@SA?AVRadian@2@M@Z+0x8,OgreMain.dll,21,0.1574,13339,20.016
fourteam_fire_prefix,36116,ntdll.dll!write_char+0x9,ntdll.dll,21,0.1574,13339,20.016
fourteam_fire_prefix,36116,ntdll.dll!LdrpNameToOrdinal+0x7c,ntdll.dll,21,0.1574,13339,20.016
fourteam_fire_prefix,36116,ntdll.dll!_RtlpLocalInfoAllocFromCache@8+0x279,ntdll.dll,20,0.1499,13339,20.016
fourteam_fire_prefix,36116,OgreMain.dll!?findLightsAffectingFrustum@SceneManager@Ogre@@MAEXPBVCamera@2@@Z+0xd8,OgreMain.dll,20,0.1499,13339,20.016
fourteam_fire_prefix,36116,ntdll.dll!__aulldvrm+0x2f,ntdll.dll,20,0.1499,13339,20.016
fourteam_fire_prefix,36116,OgreMain.dll!?_calcTempSquareDist@Light@Ogre@@QAEXABVVector3@2@@Z+0x28,OgreMain.dll,20,0.1499,13339,20.016
fourteam_fire_prefix,36116,ntdll.dll!_RtlUnicodeToMultiByteN@20,ntdll.dll,20,0.1499,13339,20.016
fourteam_fire_prefix,36116,RenderSystem_Direct3D11.dll!?getILayoutByShader@D3D11VertexDeclaration@Ogre@@IAEPAUID3D11InputLayout@@PAVD3D11HLSLProgram@2@PAVVertexBufferBinding@2@@Z+0x6a,RenderSystem_Direct3D11.dll,20,0.1499,13339,20.016
fourteam_fire_prefix,36116,ntdll.dll!__output_l+0x809,ntdll.dll,20,0.1499,13339,20.016
fourteam_fire_prefix,36116,ntdll.dll!__output_l+0x841,ntdll.dll,20,0.1499,13339,20.016
fourteam_fire_prefix,36116,ntdll.dll!_RtlAnsiCharToUnicodeChar@4+0x9,ntdll.dll,20,0.1499,13339,20.016
fourteam_fire_prefix,36116,ntdll.dll!_RtlCustomCPToUnicodeN@24+0xc,ntdll.dll,20,0.1499,13339,20.016
fourteam_fire_prefix,36116,ntdll.dll!_RtlUnicodeToCustomCPN@24+0xc,ntdll.dll,19,0.1424,13339,20.016
fourteam_fire_prefix,36116,battlezone98redux.exe!get,battlezone98redux.exe,19,0.1424,13339,20.016
fourteam_fire_prefix,36116,d3d11.dll!CreateDirect3D11DeviceFromDXGIDevice+0x9f925,d3d11.dll,19,0.1424,13339,20.016
fourteam_fire_prefix,36116,ntdll.dll!_RtlUnicodeToMultiByteN@20+0xd,ntdll.dll,19,0.1424,13339,20.016
fourteam_fire_prefix,36116,OgreMain.dll!?getHasInstanceData@VertexBufferBinding@Ogre@@UBE_NXZ+0x17,OgreMain.dll,19,0.1424,13339,20.016
fourteam_fire_prefix,36116,ntdll.dll!_RtlEnterCriticalSection@4+0x25,ntdll.dll,19,0.1424,13339,20.016
fourteam_fire_prefix,36116,ntdll.dll!__woutput_l+0x870,ntdll.dll,19,0.1424,13339,20.016
fourteam_fire_prefix,36116,ntdll.dll!_RtlCustomCPToUnicodeN@24+0x70,ntdll.dll,19,0.1424,13339,20.016
fourteam_fire_prefix,36116,OgreMain.dll+0x21c01,OgreMain.dll,18,0.1349,13339,20.016
fourteam_fire_prefix,36116,battlezone98redux.exe!sub_4440d0,battlezone98redux.exe,18,0.1349,13339,20.016
fourteam_fire_prefix,36116,RenderSystem_Direct3D11.dll!?_render@D3D11RenderSystem@Ogre@@UAEXABVRenderOperation@2@@Z+0x5b,RenderSystem_Direct3D11.dll,18,0.1349,13339,20.016
fourteam_fire_prefix,36116,battlezone98redux.exe!sub_784100,battlezone98redux.exe,18,0.1349,13339,20.016
fourteam_fire_prefix,36116,ntdll.dll!_mbtowc+0x36,ntdll.dll,18,0.1349,13339,20.016
fourteam_fire_prefix,36116,OgreMain.dll!?getParameters@GpuProgramUsage@Ogre@@QAE?AV?$SharedPtr@VGpuProgramParameters@Ogre@@@2@XZ+0xe7,OgreMain.dll,18,0.1349,13339,20.016
fourteam_fire_prefix,36116,ntdll.dll!_RtlpGetCodePageData@4+0x23,ntdll.dll,18,0.1349,13339,20.016
fourteam_fire_prefix,36116,ntdll.dll!__output_l+0x558,ntdll.dll,18,0.1349,13339,20.016
fourteam_fire_prefix,36116,ntdll.dll!_RtlUnicodeToCustomCPN@24,ntdll.dll,17,0.1274,13339,20.016
fourteam_fire_prefix,36116,ntdll.dll!_LdrpSetSnapsUnicodeString2@0+0x12,ntdll.dll,17,0.1274,13339,20.016
fourteam_fire_prefix,36116,OgreMain.dll!?_findVisibleObjects@SceneNode@Ogre@@UAEXPAVCamera@2@PAVRenderQueue@2@PAUVisibleObjectsBoundsInfo@2@_N33@Z+0x4c,OgreMain.dll,17,0.1274,13339,20.016
fourteam_fire_prefix,36116,ntdll.dll!write_char+0x18,ntdll.dll,17,0.1274,13339,20.016
fourteam_fire_prefix,36116,ntdll.dll!_RtlMultiByteToUnicodeN@20+0x8,ntdll.dll,17,0.1274,13339,20.016
fourteam_fire_prefix,36116,ntdll.dll!_RtlpIsUtf8Process@4+0xb,ntdll.dll,17,0.1274,13339,20.016
fourteam_fire_prefix,36116,ntdll.dll!_RtlUnicodeToMultiByteN@20+0x23,ntdll.dll,17,0.1274,13339,20.016
fourteam_fire_prefix,36116,ntdll.dll!_ZwReleaseSemaphore@12+0xc,ntdll.dll,17,0.1274,13339,20.016
fourteam_fire_prefix,36116,OgreMain.dll!?findLightsAffectingFrustum@SceneManager@Ogre@@MAEXPBVCamera@2@@Z+0xc0,OgreMain.dll,17,0.1274,13339,20.016
fourteam_fire_prefix,36116,ntdll.dll!__wctomb_s_l+0x48,ntdll.dll,17,0.1274,13339,20.016
fourteam_fire_prefix,36116,ntdll.dll!__wctomb_s_l+0x9,ntdll.dll,16,0.1199,13339,20.016
fourteam_fire_prefix,36116,battlezone98redux.exe!sub_820180,battlezone98redux.exe,16,0.1199,13339,20.016
fourteam_fire_prefix,36116,ntdll.dll!__fputwc_nolock+0x31,ntdll.dll,16,0.1199,13339,20.016
fourteam_fire_prefix,36116,RenderSystem_Direct3D11.dll!?getConstantBuffer@D3D11HLSLProgram@Ogre@@QAEPAUID3D11Buffer@@V?$SharedPtr@VGpuProgramParameters@Ogre@@@2@G@Z+0xe7,RenderSystem_Direct3D11.dll,16,0.1199,13339,20.016
fourteam_fire_prefix,36116,ntdll.dll!__woutput_l+0x8b5,ntdll.dll,16,0.1199,13339,20.016
fourteam_fire_prefix,36116,ntdll.dll!_RtlpGetCodePageData@4+0x5,ntdll.dll,16,0.1199,13339,20.016
fourteam_fire_prefix,36116,ntdll.dll!__output_l+0x84f,ntdll.dll,16,0.1199,13339,20.016
fourteam_fire_prefix,36116,RenderSystem_Direct3D11.dll!?getMonitorSequentialNumberFromSwapChain@MonitorInfo@Ogre@@QAEGPAUIDXGISwapChain@@_N@Z+0x27a7,RenderSystem_Direct3D11.dll,16,0.1199,13339,20.016
fourteam_fire_prefix,36116,OgreMain.dll+0x3942d,OgreMain.dll,16,0.1199,13339,20.016
fourteam_fire_prefix,36116,ntdll.dll!_RtlAnsiCharToUnicodeChar@4+0x8f,ntdll.dll,16,0.1199,13339,20.016
fourteam_fire_prefix,36116,OgreMain.dll!?findLightsAffectingFrustum@SceneManager@Ogre@@MAEXPBVCamera@2@@Z+0xca,OgreMain.dll,16,0.1199,13339,20.016
fourteam_fire_prefix,36116,ntdll.dll!_RtlUnicodeToCustomCPN@24+0x43,ntdll.dll,16,0.1199,13339,20.016
fourteam_fire_prefix,36116,ntdll.dll!_wctomb_s+0x5,ntdll.dll,15,0.1125,13339,20.016
fourteam_fire_prefix,36116,ntdll.dll!__output_l+0x828,ntdll.dll,15,0.1125,13339,20.016
fourteam_fire_prefix,36116,ntdll.dll!_RtlCustomCPToUnicodeN@24+0x43,ntdll.dll,15,0.1125,13339,20.016
fourteam_fire_prefix,36116,ntdll.dll!write_char+0x3b,ntdll.dll,15,0.1125,13339,20.016
fourteam_fire_prefix,36116,ntdll.dll!_RtlpGetCodePageData@4+0xf,ntdll.dll,15,0.1125,13339,20.016
fourteam_fire_prefix,36116,ntdll.dll!write_string+0x44,ntdll.dll,15,0.1125,13339,20.016
fourteam_fire_prefix,36116,ntdll.dll!_RtlCustomCPToUnicodeN@24+0x2c,ntdll.dll,15,0.1125,13339,20.016
fourteam_fire_prefix,36116,RenderSystem_Direct3D11.dll!?getILayoutByShader@D3D11VertexDeclaration@Ogre@@IAEPAUID3D11InputLayout@@PAVD3D11HLSLProgram@2@PAVVertexBufferBinding@2@@Z+0x52,RenderSystem_Direct3D11.dll,15,0.1125,13339,20.016
fourteam_fire_prefix,36116,ntdll.dll!__aulldvrm+0x1d,ntdll.dll,15,0.1125,13339,20.016
fourteam_fire_prefix,36116,OgreMain.dll!?_updateBounds@SceneNode@Ogre@@UAEXXZ+0x193,OgreMain.dll,15,0.1125,13339,20.016
fourteam_fire_prefix,36116,ntdll.dll!__output_l+0x22d,ntdll.dll,15,0.1125,13339,20.016
fourteam_fire_prefix,36116,ntdll.dll!__wctomb_s_l+0x66,ntdll.dll,15,0.1125,13339,20.016
fourteam_fire_prefix,36116,ntdll.dll!_RtlAnsiCharToUnicodeChar@4+0x8d,ntdll.dll,15,0.1125,13339,20.016
fourteam_fire_prefix,36116,ntdll.dll!_wctomb_s+0x13,ntdll.dll,15,0.1125,13339,20.016
fourteam_fire_prefix,36116,ntdll.dll!_RtlCustomCPToUnicodeN@24,ntdll.dll,15,0.1125,13339,20.016
fourteam_fire_prefix,36116,battlezone98redux.exe!sub_43fb30,battlezone98redux.exe,14,0.105,13339,20.016
fourteam_fire_prefix,36116,ntdll.dll!_mbtowc+0x39,ntdll.dll,14,0.105,13339,20.016
fourteam_fire_prefix,36116,OgreMain.dll!?getDerivedPosition@Light@Ogre@@QBEABVVector3@2@_N@Z+0x8,OgreMain.dll,14,0.105,13339,20.016
fourteam_fire_prefix,36116,battlezone98redux.exe!sub_440e60,battlezone98redux.exe,14,0.105,13339,20.016
fourteam_fire_prefix,36116,d3d11.dll+0x2b4fb,d3d11.dll,14,0.105,13339,20.016
fourteam_fire_prefix,36116,OgreMain.dll!?lock@HardwareBuffer@Ogre@@UAEPAXIIW4LockOptions@12@W4UploadOptions@12@@Z+0x19c,OgreMain.dll,14,0.105,13339,20.016
fourteam_fire_prefix,36116,ntdll.dll!_memmove+0xb8,ntdll.dll,14,0.105,13339,20.016
fourteam_fire_prefix,36116,ntdll.dll!_RtlReleaseSRWLockShared@4+0x16,ntdll.dll,14,0.105,13339,20.016
fourteam_fire_prefix,36116,ntdll.dll!_RtlAnsiCharToUnicodeChar@4+0x4e,ntdll.dll,14,0.105,13339,20.016
fourteam_fire_prefix,36116,battlezone98redux.exe!sub_439d00,battlezone98redux.exe,14,0.105,13339,20.016
fourteam_fire_prefix,36116,ntdll.dll!_RtlUnicodeToCustomCPN@24+0x2c,ntdll.dll,14,0.105,13339,20.016
fourteam_fire_prefix,36116,battlezone98redux.exe!sub_44d670,battlezone98redux.exe,13,0.0975,13339,20.016
fourteam_fire_prefix,36116,d3d11.dll!CreateDirect3D11DeviceFromDXGIDevice+0xbc53d,d3d11.dll,13,0.0975,13339,20.016
fourteam_fire_prefix,36116,ntdll.dll!__woutput_l+0x86b,ntdll.dll,13,0.0975,13339,20.016
fourteam_fire_prefix,36116,OgreMain.dll!?isInLightRange@Light@Ogre@@QBE_NABVSphere@2@@Z+0x7e,OgreMain.dll,13,0.0975,13339,20.016
fourteam_fire_prefix,36116,d3d11.dll+0x30d82,d3d11.dll,13,0.0975,13339,20.016
fourteam_fire_prefix,36116,MSVCR120.dll!__libm_sse2_acosf+0xf3,MSVCR120.dll,13,0.0975,13339,20.016
fourteam_fire_prefix,36116,ntdll.dll!_memmove+0x35,ntdll.dll,13,0.0975,13339,20.016
fourteam_fire_prefix,36116,ntdll.dll!_RtlAnsiCharToUnicodeChar@4+0x1e,ntdll.dll,13,0.0975,13339,20.016
fourteam_fire_prefix,36116,RenderSystem_Direct3D11.dll!?_render@D3D11RenderSystem@Ogre@@UAEXABVRenderOperation@2@@Z+0x97,RenderSystem_Direct3D11.dll,13,0.0975,13339,20.016
fourteam_fire_prefix,36116,OgreMain.dll!?ASin@Math@Ogre@@SA?AVRadian@2@M@Z+0x8,OgreMain.dll,13,0.0975,13339,20.016
fourteam_fire_prefix,36116,battlezone98redux.exe!sub_480f40,battlezone98redux.exe,13,0.0975,13339,20.016
fourteam_fire_prefix,36116,OgreMain.dll!?getNumWorldTransforms@SubEntity@Ogre@@UBEGXZ+0xe,OgreMain.dll,13,0.0975,13339,20.016
fourteam_fire_prefix,36116,battlezone98redux.exe!sub_6897e0,battlezone98redux.exe,13,0.0975,13339,20.016
fourteam_fire_prefix,36116,ntdll.dll!__woutput_l+0xe0,ntdll.dll,13,0.0975,13339,20.016
fourteam_fire_prefix,36116,battlezone98redux.exe!sub_820570,battlezone98redux.exe,13,0.0975,13339,20.016
fourteam_fire_prefix,36116,battlezone98redux.exe!sub_6111e0,battlezone98redux.exe,13,0.0975,13339,20.016
fourteam_fire_prefix,36116,ntdll.dll!_RtlUnicodeToCustomCPN@24+0x5d,ntdll.dll,12,0.09,13339,20.016
fourteam_fire_prefix,36116,battlezone98redux.exe!sub_784620,battlezone98redux.exe,12,0.09,13339,20.016
fourteam_fire_prefix,36116,battlezone98redux.exe!sub_480470,battlezone98redux.exe,12,0.09,13339,20.016
fourteam_fire_prefix,36116,MSVCR120.dll!__libm_sse2_acosf+0x13d,MSVCR120.dll,12,0.09,13339,20.016
fourteam_fire_prefix,36116,OgreMain.dll!?renderSingleObject@SceneManager@Ogre@@MAEXPAVRenderable@2@PBVPass@2@_N2PBV?$HashedVector@PAVLight@Ogre@@@2@@Z+0x64,OgreMain.dll,12,0.09,13339,20.016
fourteam_fire_prefix,36116,OgreMain.dll!?isFloat@GpuConstantDefinition@Ogre@@SA_NW4GpuConstantType@2@@Z+0x1a,OgreMain.dll,12,0.09,13339,20.016
fourteam_fire_prefix,36116,battlezone98redux.exe!sub_8203f0,battlezone98redux.exe,12,0.09,13339,20.016
fourteam_fire_prefix,36116,ntdll.dll!_RtlAnsiCharToUnicodeChar@4,ntdll.dll,12,0.09,13339,20.016
fourteam_fire_prefix,36116,ntdll.dll!_ZwCreateFile@44+0xc,ntdll.dll,12,0.09,13339,20.016
fourteam_fire_prefix,36116,OgreMain.dll!?ACos@Math@Ogre@@SA?AVRadian@2@M@Z+0x11,OgreMain.dll,12,0.09,13339,20.016
fourteam_fire_prefix,36116,MSVCR120.dll!floor+0x19,MSVCR120.dll,12,0.09,13339,20.016
fourteam_fire_prefix,36116,d3d11.dll!CreateDirect3D11DeviceFromDXGIDevice+0x9da48,d3d11.dll,11,0.0825,13339,20.016
fourteam_fire_prefix,36116,battlezone98redux.exe!sub_4461b0,battlezone98redux.exe,11,0.0825,13339,20.016
fourteam_fire_prefix,36116,ntdll.dll!_RtlInitString@8+0x1f,ntdll.dll,11,0.0825,13339,20.016
fourteam_fire_prefix,36116,MSVCR120.dll!__libm_sse2_acosf+0x36,MSVCR120.dll,11,0.0825,13339,20.016
fourteam_fire_prefix,36116,ntdll.dll!_RtlpIsUtf8Process@4+0x13,ntdll.dll,11,0.0825,13339,20.016
fourteam_fire_prefix,36116,OgreMain.dll!?getDistance@Plane@Ogre@@QBEMABVVector3@2@@Z+0x37,OgreMain.dll,11,0.0825,13339,20.016
fourteam_fire_prefix,36116,battlezone98redux.exe!sub_4ebfd0,battlezone98redux.exe,11,0.0825,13339,20.016
fourteam_fire_prefix,36116,battlezone98redux.exe!sub_4da060,battlezone98redux.exe,11,0.0825,13339,20.016
fourteam_fire_prefix,36116,OgreMain.dll!?angleBetween@Vector3@Ogre@@QBE?AVRadian@2@ABV12@@Z+0xd0,OgreMain.dll,11,0.0825,13339,20.016
fourteam_fire_prefix,36116,ntdll.dll!_RtlInitAnsiString@8+0x1d,ntdll.dll,11,0.0825,13339,20.016
fourteam_fire_prefix,36116,OgreMain.dll!?getFragmentProgramParameters@Pass@Ogre@@QBE?AV?$SharedPtr@VGpuProgramParameters@Ogre@@@2@XZ+0x7a,OgreMain.dll,11,0.0825,13339,20.016
fourteam_fire_prefix,36116,win32u.dll!_NtUserSystemParametersInfo@16+0xc,win32u.dll,11,0.0825,13339,20.016
fourteam_fire_prefix,36116,OgreMain.dll!?isHardwareAnimationEnabled@Entity@Ogre@@QAE_NXZ+0x28,OgreMain.dll,11,0.0825,13339,20.016
fourteam_fire_prefix,36116,OgreMain.dll!??4GpuSharedParametersUsage@Ogre@@QAEAAV01@ABV01@@Z+0x2742,OgreMain.dll,11,0.0825,13339,20.016
fourteam_fire_prefix,36116,ntdll.dll!_ZwCallbackReturn@12+0xc,ntdll.dll,11,0.0825,13339,20.016
fourteam_fire_prefix,36116,battlezone98redux.exe!sub_4415f0,battlezone98redux.exe,11,0.0825,13339,20.016
fourteam_fire_prefix,36116,RenderSystem_Direct3D11.dll!?getD3DVertexBuffer@D3D11HardwareVertexBuffer@Ogre@@QBEPAUID3D11Buffer@@XZ+0x6,RenderSystem_Direct3D11.dll,11,0.0825,13339,20.016
fourteam_fire_prefix,36116,ntdll.dll!__woutput_l+0x884,ntdll.dll,11,0.0825,13339,20.016
fourteam_fire_prefix,36116,battlezone98redux.exe!sub_417910,battlezone98redux.exe,10,0.075,13339,20.016
fourteam_fire_prefix,36116,RenderSystem_Direct3D11.dll+0x4b38,RenderSystem_Direct3D11.dll,10,0.075,13339,20.016
fourteam_fire_prefix,36116,WINMM.dll@6e1d0000!BZROpenShim::`anonymous namespace'::HandleEmissionLightState+0x52,WINMM.dll@6e1d0000,10,0.075,13339,20.016
fourteam_fire_prefix,36116,RenderSystem_Direct3D11.dll!?createImpl@D3D11GpuProgramManager@Ogre@@MAEPAVResource@2@ABV?$basic_string@DU?$char_traits@D@std@@V?$allocator@D@2@@std@@_K0_NPAVManualResourceLoader@2@W4GpuProgramType@2@0@Z+0x6144,RenderSystem_Direct3D11.dll,10,0.075,13339,20.016
fourteam_fire_prefix,36116,battlezone98redux.exe!sub_447eb0,battlezone98redux.exe,10,0.075,13339,20.016
fourteam_fire_prefix,36116,battlezone98redux.exe!sub_8309f4,battlezone98redux.exe,10,0.075,13339,20.016
fourteam_fire_prefix,36116,OgreMain.dll!?getHasInstanceData@VertexBufferBinding@Ogre@@UBE_NXZ+0x5,OgreMain.dll,10,0.075,13339,20.016
fourteam_fire_prefix,36116,OgreMain.dll!?ASin@Math@Ogre@@SA?AVRadian@2@M@Z+0x11,OgreMain.dll,10,0.075,13339,20.016
fourteam_fire_prefix,36116,battlezone98redux.exe!sub_447e90,battlezone98redux.exe,10,0.075,13339,20.016
fourteam_fire_prefix,36116,KERNEL32.DLL!GetCurrentThreadId,KERNEL32.DLL,10,0.075,13339,20.016
fourteam_fire_prefix,36116,ntdll.dll!_ZwContinue@8+0xc,ntdll.dll,10,0.075,13339,20.016
fourteam_fire_prefix,36116,OgreMain.dll!?update@Light@Ogre@@MBEXXZ+0xda,OgreMain.dll,10,0.075,13339,20.016
fourteam_fire_prefix,36116,ntdll.dll!_RtlInitAnsiString@8+0x1f,ntdll.dll,10,0.075,13339,20.016
fourteam_fire_prefix,36116,OgreMain.dll!?getConstantDefinition@GpuProgramParameters@Ogre@@QBEABUGpuConstantDefinition@2@ABV?$basic_string@DU?$char_traits@D@std@@V?$allocator@D@2@@std@@@Z,OgreMain.dll,10,0.075,13339,20.016
fourteam_fire_prefix,36116,ntdll.dll!_RtlEnterCriticalSection@4+0xa,ntdll.dll,10,0.075,13339,20.016
fourteam_fire_prefix,36116,ntdll.dll!_memset+0x47,ntdll.dll,10,0.075,13339,20.016
fourteam_fire_prefix,36116,battlezone98redux.exe!sub_44de20,battlezone98redux.exe,10,0.075,13339,20.016
fourteam_fire_prefix,36116,MSVCR120.dll!__libm_sse2_acosf+0xe4,MSVCR120.dll,9,0.0675,13339,20.016
fourteam_fire_prefix,36116,OgreMain.dll!?_populateLightList@SceneManager@Ogre@@UAEXABVVector3@2@MAAV?$HashedVector@PAVLight@Ogre@@@2@I@Z+0xb5,OgreMain.dll,9,0.0675,13339,20.016
fourteam_fire_prefix,36116,OgreMain.dll!?_calcTempSquareDist@Light@Ogre@@QAEXABVVector3@2@@Z+0x25,OgreMain.dll,9,0.0675,13339,20.016
fourteam_fire_prefix,36116,RenderSystem_Direct3D11.dll+0x3ee0,RenderSystem_Direct3D11.dll,9,0.0675,13339,20.016
fourteam_fire_prefix,36116,OgreMain.dll!?_populateLightList@SceneManager@Ogre@@UAEXABVVector3@2@MAAV?$HashedVector@PAVLight@Ogre@@@2@I@Z+0x136,OgreMain.dll,9,0.0675,13339,20.016
fourteam_fire_prefix,36116,OgreMain.dll!?isInLightRange@Light@Ogre@@QBE_NABVSphere@2@@Z+0x4e,OgreMain.dll,9,0.0675,13339,20.016
fourteam_fire_prefix,36116,OgreMain.dll!?isInLightRange@Light@Ogre@@QBE_NABVSphere@2@@Z+0x175,OgreMain.dll,9,0.0675,13339,20.016
fourteam_fire_prefix,36116,battlezone98redux.exe!sub_4401a0,battlezone98redux.exe,9,0.0675,13339,20.016
fourteam_fire_prefix,36116,battlezone98redux.exe!sub_448e60,battlezone98redux.exe,9,0.0675,13339,20.016
fourteam_fire_prefix,36116,OgreMain.dll!?isInLightRange@Light@Ogre@@QBE_NABVSphere@2@@Z+0x2b,OgreMain.dll,9,0.0675,13339,20.016
fourteam_fire_prefix,36116,battlezone98redux.exe!sub_62bf70,battlezone98redux.exe,9,0.0675,13339,20.016
fourteam_fire_prefix,36116,ntdll.dll!_mbtowc+0xa,ntdll.dll,9,0.0675,13339,20.016
fourteam_fire_prefix,36116,battlezone98redux.exe!sub_447f60,battlezone98redux.exe,9,0.0675,13339,20.016
fourteam_fire_prefix,36116,battlezone98redux.exe!sub_4621a0,battlezone98redux.exe,9,0.0675,13339,20.016
fourteam_fire_prefix,36116,OgreMain.dll!?angleBetween@Vector3@Ogre@@QBE?AVRadian@2@ABV12@@Z+0xc9,OgreMain.dll,9,0.0675,13339,20.016
fourteam_fire_prefix,36116,d3d11.dll+0x2703e,d3d11.dll,9,0.0675,13339,20.016
fourteam_fire_prefix,36116,battlezone98redux.exe!sub_442e70,battlezone98redux.exe,9,0.0675,13339,20.016
fourteam_fire_prefix,36116,ntdll.dll!_ZwWriteFile@36+0xc,ntdll.dll,9,0.0675,13339,20.016
fourteam_fire_prefix,36116,OgreMain.dll!?isHardwareAnimationEnabled@Entity@Ogre@@QAE_NXZ+0x43,OgreMain.dll,9,0.0675,13339,20.016
fourteam_fire_prefix,36116,ntdll.dll!_ZwReleaseMutant@8+0xc,ntdll.dll,9,0.0675,13339,20.016
fourteam_fire_prefix,36116,ntdll.dll!__aulldvrm+0x25,ntdll.dll,9,0.0675,13339,20.016
fourteam_fire_prefix,36116,OgreMain.dll!?_populateLightList@SceneManager@Ogre@@UAEXABVVector3@2@MAAV?$HashedVector@PAVLight@Ogre@@@2@I@Z+0x142,OgreMain.dll,9,0.0675,13339,20.016
fourteam_fire_prefix,36116,ntdll.dll!LdrpNameToOrdinal+0x3a,ntdll.dll,9,0.0675,13339,20.016
fourteam_fire_prefix,36116,ntdll.dll!__output_l+0x335,ntdll.dll,9,0.0675,13339,20.016
fourteam_fire_prefix,36116,ntdll.dll!__output_l+0x6f0,ntdll.dll,9,0.0675,13339,20.016
fourteam_fire_prefix,36116,ntdll.dll!_memset+0x4,ntdll.dll,9,0.0675,13339,20.016
fourteam_fire_prefix,36116,ntdll.dll!__aulldvrm+0x29,ntdll.dll,9,0.0675,13339,20.016
fourteam_fire_prefix,36116,d3d11.dll!D3D11CoreCreateDevice+0x26530,d3d11.dll,9,0.0675,13339,20.016
fourteam_fire_prefix,36116,OgreMain.dll!?getFragmentProgramParameters@Pass@Ogre@@QBE?AV?$SharedPtr@VGpuProgramParameters@Ogre@@@2@XZ+0x86,OgreMain.dll,8,0.06,13339,20.016
fourteam_fire_prefix,36116,OgreMain.dll!??4GpuSharedParametersUsage@Ogre@@QAEAAV01@ABV01@@Z+0x27b5,OgreMain.dll,8,0.06,13339,20.016
fourteam_fire_prefix,36116,OgreMain.dll!?_notifyCurrentCamera@Entity@Ogre@@UAEXPAVCamera@2@@Z+0x109,OgreMain.dll,8,0.06,13339,20.016
fourteam_fire_prefix,36116,battlezone98redux.exe!sub_445d90,battlezone98redux.exe,8,0.06,13339,20.016
fourteam_fire_prefix,36116,ntdll.dll!__aulldvrm+0x15,ntdll.dll,8,0.06,13339,20.016
fourteam_fire_prefix,36116,MSVCR120.dll!__libm_sse2_asinf+0x23c,MSVCR120.dll,8,0.06,13339,20.016
fourteam_fire_prefix,36116,OgreMain.dll!?addRenderable@RenderQueue@Ogre@@QAEXPAVRenderable@2@EG@Z+0x39,OgreMain.dll,8,0.06,13339,20.016
fourteam_fire_prefix,36116,ntdll.dll!write_char+0x45,ntdll.dll,8,0.06,13339,20.016
fourteam_fire_prefix,36116,ntdll.dll!write_char+0x48,ntdll.dll,8,0.06,13339,20.016
fourteam_fire_prefix,36116,OgreMain.dll!?isInLightRange@Light@Ogre@@QBE_NABVSphere@2@@Z+0x10f,OgreMain.dll,8,0.06,13339,20.016
fourteam_fire_prefix,36116,MSVCR120.dll!__libm_sse2_asinf+0x50,MSVCR120.dll,8,0.06,13339,20.016
fourteam_fire_prefix,36116,battlezone98redux.exe!sub_583dc0,battlezone98redux.exe,8,0.06,13339,20.016
fourteam_fire_prefix,36116,battlezone98redux.exe!sub_452580,battlezone98redux.exe,8,0.06,13339,20.016
fourteam_fire_prefix,36116,battlezone98redux.exe!_Vector_iterator<>,battlezone98redux.exe,8,0.06,13339,20.016
fourteam_fire_prefix,36116,battlezone98redux.exe!sub_417780,battlezone98redux.exe,8,0.06,13339,20.016
fourteam_fire_prefix,36116,ntdll.dll!__output_l+0x12f,ntdll.dll,8,0.06,13339,20.016
fourteam_fire_prefix,36116,OgreMain.dll!?getVertexProgramParameters@Pass@Ogre@@QBE?AV?$SharedPtr@VGpuProgramParameters@Ogre@@@2@XZ+0x133,OgreMain.dll,8,0.06,13339,20.016
fourteam_fire_prefix,36116,ntdll.dll!__output_l+0xf7,ntdll.dll,8,0.06,13339,20.016
fourteam_fire_prefix,36116,d3d11.dll+0x2703b,d3d11.dll,8,0.06,13339,20.016
fourteam_fire_prefix,36116,OgreMain.dll!?getVertexProgramParameters@Pass@Ogre@@QBE?AV?$SharedPtr@VGpuProgramParameters@Ogre@@@2@XZ+0x127,OgreMain.dll,8,0.06,13339,20.016
fourteam_fire_prefix,36116,OgreMain.dll!?processVisibleObject@RenderQueue@Ogre@@QAEXPAVMovableObject@2@PAVCamera@2@_NPAUVisibleObjectsBoundsInfo@2@@Z+0x11,OgreMain.dll,8,0.06,13339,20.016
fourteam_fire_prefix,36116,ntdll.dll!_RtlLeaveCriticalSection@4+0x2e,ntdll.dll,8,0.06,13339,20.016
fourteam_fire_prefix,36116,OgreMain.dll!?ACos@Math@Ogre@@SA?AVRadian@2@M@Z+0xf,OgreMain.dll,8,0.06,13339,20.016
fourteam_fire_prefix,36116,battlezone98redux.exe!sub_7783d0,battlezone98redux.exe,8,0.06,13339,20.016
fourteam_fire_prefix,36116,battlezone98redux.exe!sub_82c4a6,battlezone98redux.exe,8,0.06,13339,20.016
fourteam_fire_prefix,36116,OgreMain.dll+0x3e42d,OgreMain.dll,8,0.06,13339,20.016
fourteam_fire_prefix,36116,d3d11.dll+0x27010,d3d11.dll,8,0.06,13339,20.016
fourteam_fire_prefix,36116,OgreMain.dll!?findLightsAffectingFrustum@SceneManager@Ogre@@MAEXPBVCamera@2@@Z+0xfa,OgreMain.dll,8,0.06,13339,20.016
fourteam_fire_prefix,36116,battlezone98redux.exe!sub_5c1b30,battlezone98redux.exe,8,0.06,13339,20.016
fourteam_fire_prefix,36116,battlezone98redux.exe!sub_4513e0,battlezone98redux.exe,7,0.0525,13339,20.016
fourteam_fire_prefix,36116,battlezone98redux.exe!sub_5b2bd0,battlezone98redux.exe,7,0.0525,13339,20.016
fourteam_fire_prefix,36116,OgreMain.dll!?getBoundingBox@Entity@Ogre@@UBEABVAxisAlignedBox@2@XZ+0x51,OgreMain.dll,7,0.0525,13339,20.016
fourteam_fire_prefix,36116,battlezone98redux.exe!sub_462710,battlezone98redux.exe,7,0.0525,13339,20.016
fourteam_fire_prefix,36116,ntdll.dll!_RtlCustomCPToUnicodeN@24+0x67,ntdll.dll,7,0.0525,13339,20.016
fourteam_fire_prefix,36116,MSVCR120.dll!floor+0x30,MSVCR120.dll,7,0.0525,13339,20.016
fourteam_fire_prefix,36116,ntdll.dll!__output_l+0x30f,ntdll.dll,7,0.0525,13339,20.016
fourteam_fire_prefix,36116,MSVCR120.dll!__libm_sse2_acosf+0xe8,MSVCR120.dll,7,0.0525,13339,20.016
fourteam_fire_prefix,36116,battlezone98redux.exe!sub_679610,battlezone98redux.exe,7,0.0525,13339,20.016
fourteam_fire_prefix,36116,OgreMain.dll!?createTechnique@Material@Ogre@@QAEPAVTechnique@2@XZ+0xa3b,OgreMain.dll,7,0.0525,13339,20.016
fourteam_fire_prefix,36116,RenderSystem_Direct3D11.dll!?getILayoutByShader@D3D11VertexDeclaration@Ogre@@IAEPAUID3D11InputLayout@@PAVD3D11HLSLProgram@2@PAVVertexBufferBinding@2@@Z+0x56,RenderSystem_Direct3D11.dll,7,0.0525,13339,20.016
fourteam_fire_prefix,36116,RenderSystem_Direct3D11.dll!?bindToShader@D3D11VertexDeclaration@Ogre@@QAEXPAVD3D11HLSLProgram@2@PAVVertexBufferBinding@2@@Z+0xa,RenderSystem_Direct3D11.dll,7,0.0525,13339,20.016
fourteam_fire_prefix,36116,ntdll.dll!_RtlAnsiStringToUnicodeString@12+0x60,ntdll.dll,7,0.0525,13339,20.016
fourteam_fire_prefix,36116,battlezone98redux.exe!sub_44cb70,battlezone98redux.exe,7,0.0525,13339,20.016
fourteam_fire_prefix,36116,OgreMain.dll!??4GpuSharedParametersUsage@Ogre@@QAEAAV01@ABV01@@Z+0x2704,OgreMain.dll,7,0.0525,13339,20.016
fourteam_fire_prefix,36116,ntdll.dll!_LdrpFindLoadedDllByAddress@12+0x48,ntdll.dll,7,0.0525,13339,20.016
fourteam_fire_prefix,36116,battlezone98redux.exe!sub_81fd40,battlezone98redux.exe,7,0.0525,13339,20.016
fourteam_fire_prefix,36116,OgreMain.dll!?_calcTempSquareDist@Light@Ogre@@QAEXABVVector3@2@@Z+0x4c,OgreMain.dll,7,0.0525,13339,20.016
fourteam_fire_prefix,36116,ntdll.dll!__woutput_l+0x38a,ntdll.dll,7,0.0525,13339,20.016
fourteam_fire_prefix,36116,OgreMain.dll!?angleBetween@Vector3@Ogre@@QBE?AVRadian@2@ABV12@@Z+0xe3,OgreMain.dll,7,0.0525,13339,20.016
fourteam_fire_prefix,36116,ntdll.dll!__aulldvrm+0x2d,ntdll.dll,7,0.0525,13339,20.016
fourteam_fire_prefix,36116,battlezone98redux.exe!sub_447e50,battlezone98redux.exe,7,0.0525,13339,20.016
fourteam_fire_prefix,36116,OgreMain.dll!?_findVisibleObjects@SceneNode@Ogre@@UAEXPAVCamera@2@PAVRenderQueue@2@PAUVisibleObjectsBoundsInfo@2@_N33@Z+0x35,OgreMain.dll,7,0.0525,13339,20.016
fourteam_fire_prefix,36116,nvwgf2um.dll!NVENCODEAPI_Thunk+0x2175ea,nvwgf2um.dll,7,0.0525,13339,20.016
fourteam_fire_prefix,36116,ntdll.dll!write_char+0x3e,ntdll.dll,7,0.0525,13339,20.016
fourteam_fire_prefix,36116,battlezone98redux.exe!sub_611270,battlezone98redux.exe,7,0.0525,13339,20.016
fourteam_fire_prefix,36116,MSVCR120.dll!__libm_sse2_acosf+0x104,MSVCR120.dll,7,0.0525,13339,20.016
fourteam_fire_prefix,36116,RenderSystem_Direct3D11.dll!?_render@D3D11RenderSystem@Ogre@@UAEXABVRenderOperation@2@@Z+0x161d,RenderSystem_Direct3D11.dll,7,0.0525,13339,20.016
fourteam_fire_prefix,36116,ntdll.dll!__output_l+0x55b,ntdll.dll,7,0.0525,13339,20.016
fourteam_fire_prefix,36116,MSVCR120.dll!__libm_sse2_acosf+0x1b6,MSVCR120.dll,7,0.0525,13339,20.016
fourteam_fire_prefix,36116,WINMM.dll@6e1d0000!BZROpenShim::`anonymous namespace'::EmissionLightStateHook+0x11,WINMM.dll@6e1d0000,7,0.0525,13339,20.016
fourteam_fire_prefix,36116,OgreMain.dll!?getConstantDefinition@GpuProgramParameters@Ogre@@QBEABUGpuConstantDefinition@2@ABV?$basic_string@DU?$char_traits@D@std@@V?$allocator@D@2@@std@@@Z+0xe4,OgreMain.dll,7,0.0525,13339,20.016
fourteam_fire_prefix,36116,WINMM.dll@6e1d0000!BZROpenShim::`anonymous namespace'::GetHeadlightOgreApi+0x429,WINMM.dll@6e1d0000,7,0.0525,13339,20.016
fourteam_fire_prefix,36116,KERNEL32.DLL!GetProcAddress+0x15,KERNEL32.DLL,7,0.0525,13339,20.016
fourteam_fire_prefix,36116,ntdll.dll!write_char+0x8,ntdll.dll,7,0.0525,13339,20.016
fourteam_fire_prefix,36116,ntdll.dll!__output_l+0x6d5,ntdll.dll,7,0.0525,13339,20.016
fourteam_fire_prefix,36116,ntdll.dll!_LdrpGenerateSnapsUnicodeStrings@28+0x1c6,ntdll.dll,7,0.0525,13339,20.016
fourteam_fire_prefix,36116,OgreMain.dll!?isInLightRange@Light@Ogre@@QBE_NABVSphere@2@@Z+0x161,OgreMain.dll,7,0.0525,13339,20.016
fourteam_fire_prefix,36116,OgreMain.dll!?createTechnique@Material@Ogre@@QAEPAVTechnique@2@XZ+0xa1f,OgreMain.dll,6,0.045,13339,20.016
fourteam_fire_prefix,36116,OgreMain.dll!?isInLightRange@Light@Ogre@@QBE_NABVSphere@2@@Z+0x70,OgreMain.dll,6,0.045,13339,20.016
fourteam_fire_prefix,36116,battlezone98redux.exe!sub_444d50,battlezone98redux.exe,6,0.045,13339,20.016
fourteam_fire_prefix,36116,OgreMain.dll!?getLightMask@MovableObject@Ogre@@UBEIXZ,OgreMain.dll,6,0.045,13339,20.016
fourteam_fire_prefix,36116,MSVCR120.dll!__libm_sse2_asinf+0x21c,MSVCR120.dll,6,0.045,13339,20.016
fourteam_fire_prefix,36116,OgreMain.dll!?angleBetween@Vector3@Ogre@@QBE?AVRadian@2@ABV12@@Z+0xcc,OgreMain.dll,6,0.045,13339,20.016
fourteam_fire_prefix,36116,OgreMain.dll!?isInLightRange@Light@Ogre@@QBE_NABVSphere@2@@Z+0x6,OgreMain.dll,6,0.045,13339,20.016
fourteam_fire_prefix,36116,nvwgf2um.dll!OpenAdapter10+0x72c10,nvwgf2um.dll,6,0.045,13339,20.016
fourteam_fire_prefix,36116,ntdll.dll!_ZwOpenThread@16+0xc,ntdll.dll,6,0.045,13339,20.016
fourteam_fire_prefix,36116,OgreMain.dll+0x17bb6,OgreMain.dll,6,0.045,13339,20.016
fourteam_fire_prefix,36116,battlezone98redux.exe!sub_440300,battlezone98redux.exe,6,0.045,13339,20.016
fourteam_fire_prefix,36116,USER32.dll!GetNextDlgTabItem+0x538,USER32.dll,6,0.045,13339,20.016
fourteam_fire_prefix,36116,OgreMain.dll!?touchVertexBufferCopy@HardwareBufferManagerBase@Ogre@@UAEXABVHardwareVertexBufferSharedPtr@2@@Z+0x47,OgreMain.dll,6,0.045,13339,20.016
fourteam_fire_prefix,36116,RenderSystem_Direct3D11.dll!?uninstall@D3D11Plugin@Ogre@@UAEXXZ+0x51a0,RenderSystem_Direct3D11.dll,6,0.045,13339,20.016
fourteam_fire_prefix,36116,OgreMain.dll!?clone@Animation@Ogre@@QBEPAV12@ABV?$basic_string@DU?$char_traits@D@std@@V?$allocator@D@2@@std@@@Z+0x2c6,OgreMain.dll,6,0.045,13339,20.016
fourteam_fire_prefix,36116,OgreMain.dll!?getConstantDefinition@GpuProgramParameters@Ogre@@QBEABUGpuConstantDefinition@2@ABV?$basic_string@DU?$char_traits@D@std@@V?$allocator@D@2@@std@@@Z+0xd2,OgreMain.dll,6,0.045,13339,20.016
fourteam_fire_prefix,36116,MSVCR120.dll!memcpy,MSVCR120.dll,6,0.045,13339,20.016
fourteam_fire_prefix,36116,OgreMain.dll!?_findVisibleObjects@SceneNode@Ogre@@UAEXPAVCamera@2@PAVRenderQueue@2@PAUVisibleObjectsBoundsInfo@2@_N33@Z+0x76,OgreMain.dll,6,0.045,13339,20.016
fourteam_fire_prefix,36116,"battlezone98redux.exe!FID_conflict:_Vector_const_iterator<class_std::_Vector_val<struct_std::_Simple_types<class_std::shared_ptr<struct_Concurrency::details::_Task_impl<struct_std::pair<unsigned_char,class_Concurrency::details::_CancellationTokenState*>_>_>_>_>_>",battlezone98redux.exe,6,0.045,13339,20.016
fourteam_fire_prefix,36116,OgreMain.dll!?angleBetween@Vector3@Ogre@@QBE?AVRadian@2@ABV12@@Z+0x1,OgreMain.dll,6,0.045,13339,20.016
fourteam_fire_prefix,36116,ntdll.dll!_ZwSetInformationThread@16+0xc,ntdll.dll,6,0.045,13339,20.016
fourteam_fire_prefix,36116,MSVCR120.dll!__libm_sse2_asinf+0x3a,MSVCR120.dll,6,0.045,13339,20.016
fourteam_fire_prefix,36116,ntdll.dll!__aulldvrm,ntdll.dll,6,0.045,13339,20.016
fourteam_fire_prefix,36116,OgreMain.dll!??4GpuSharedParametersUsage@Ogre@@QAEAAV01@ABV01@@Z+0x2758,OgreMain.dll,6,0.045,13339,20.016
fourteam_fire_prefix,36116,OgreMain.dll!?isInLightRange@Light@Ogre@@QBE_NABVSphere@2@@Z+0x134,OgreMain.dll,6,0.045,13339,20.016
fourteam_fire_prefix,36116,OgreMain.dll!?getLight@AutoParamDataSource@Ogre@@IBEABVLight@2@I@Z+0x11,OgreMain.dll,6,0.045,13339,20.016
fourteam_fire_prefix,36116,WINMM.dll@6e1d0000!BZROpenShim::`anonymous namespace'::IsOgreEntityObject+0x44,WINMM.dll@6e1d0000,6,0.045,13339,20.016
fourteam_fire_prefix,36116,OgreMain.dll!?isInLightRange@Light@Ogre@@QBE_NABVSphere@2@@Z+0x14c,OgreMain.dll,6,0.045,13339,20.016
fourteam_fire_prefix,36116,battlezone98redux.exe!sub_479f30,battlezone98redux.exe,6,0.045,13339,20.016
fourteam_fire_prefix,36116,OgreMain.dll!?buildKeyFrameTimeList@Animation@Ogre@@IBEXXZ+0x6aa,OgreMain.dll,6,0.045,13339,20.016
fourteam_fire_prefix,36116,OgreMain.dll!?getProgram@Pass@Ogre@@IBEABV?$SharedPtr@VGpuProgram@Ogre@@@2@PBQAVGpuProgramUsage@2@@Z+0x44,OgreMain.dll,6,0.045,13339,20.016
fourteam_fire_prefix,36116,OgreMain.dll!?update@Light@Ogre@@MBEXXZ,OgreMain.dll,6,0.045,13339,20.016
fourteam_fire_prefix,36116,OgreMain.dll!?merge@VisibleObjectsBoundsInfo@Ogre@@QAEXABVAxisAlignedBox@2@ABVSphere@2@PBVCamera@2@_N@Z+0x11d,OgreMain.dll,6,0.045,13339,20.016
fourteam_fire_prefix,36116,OgreMain.dll!?clone@Animation@Ogre@@QBEPAV12@ABV?$basic_string@DU?$char_traits@D@std@@V?$allocator@D@2@@std@@@Z+0x2e2,OgreMain.dll,6,0.045,13339,20.016
fourteam_fire_prefix,36116,battlezone98redux.exe!sub_492d60,battlezone98redux.exe,6,0.045,13339,20.016
fourteam_fire_prefix,36116,OgreMain.dll!?getHasInstanceData@VertexBufferBinding@Ogre@@UBE_NXZ+0x45,OgreMain.dll,6,0.045,13339,20.016
fourteam_fire_prefix,36116,OgreMain.dll!?getDerivedPosition@Light@Ogre@@QBEABVVector3@2@_N@Z+0x29,OgreMain.dll,6,0.045,13339,20.016
fourteam_fire_prefix,36116,ntdll.dll!__aulldvrm+0x80,ntdll.dll,6,0.045,13339,20.016
fourteam_fire_prefix,36116,OgreMain.dll!?clone@Animation@Ogre@@QBEPAV12@ABV?$basic_string@DU?$char_traits@D@std@@V?$allocator@D@2@@std@@@Z+0x249,OgreMain.dll,6,0.045,13339,20.016
fourteam_fire_prefix,36116,ntdll.dll!_RtlpGetCodePageData@4+0x6,ntdll.dll,6,0.045,13339,20.016
fourteam_fire_prefix,36116,OgreMain.dll!?getProgram@Pass@Ogre@@IBEABV?$SharedPtr@VGpuProgram@Ogre@@@2@PBQAVGpuProgramUsage@2@@Z+0x38,OgreMain.dll,6,0.045,13339,20.016
fourteam_fire_prefix,36116,ntdll.dll!write_char+0x1f,ntdll.dll,6,0.045,13339,20.016
fourteam_fire_prefix,36116,ntdll.dll!_RtlInitString@8+0x1d,ntdll.dll,6,0.045,13339,20.016
fourteam_fire_prefix,36116,win32u.dll!_NtGdiDdDDIQueryVidPnExclusiveOwnership@4+0xc,win32u.dll,6,0.045,13339,20.016
fourteam_fire_prefix,36116,battlezone98redux.exe!sub_440210,battlezone98redux.exe,6,0.045,13339,20.016
fourteam_fire_prefix,36116,KERNELBASE.dll!GetProcAddressForCaller+0x24,KERNELBASE.dll,6,0.045,13339,20.016
fourteam_fire_prefix,36116,win32u.dll!_NtUserSetCursorPos@8+0xc,win32u.dll,6,0.045,13339,20.016
fourteam_fire_prefix,36116,d3d11.dll!CreateDirect3D11DeviceFromDXGIDevice+0xbae48,d3d11.dll,6,0.045,13339,20.016
fourteam_fire_prefix,36116,ntdll.dll!write_multi_char+0x9,ntdll.dll,6,0.045,13339,20.016
fourteam_fire_prefix,36116,ntdll.dll!__output_l+0x6cf,ntdll.dll,6,0.045,13339,20.016
fourteam_fire_prefix,36116,MSVCR120.dll!__libm_sse2_acosf+0x17e,MSVCR120.dll,6,0.045,13339,20.016
fourteam_fire_prefix,36116,battlezone98redux.exe!sub_42de70,battlezone98redux.exe,6,0.045,13339,20.016
fourteam_fire_prefix,36116,MSVCR120.dll!ceil+0x1ce,MSVCR120.dll,5,0.0375,13339,20.016
fourteam_fire_prefix,36116,ntdll.dll!__woutput_l+0x4d9,ntdll.dll,5,0.0375,13339,20.016
fourteam_fire_prefix,36116,MSVCR120.dll!__libm_sse2_acosf+0xec,MSVCR120.dll,5,0.0375,13339,20.016
fourteam_fire_prefix,36116,OgreMain.dll!?_writeRawConstants@GpuProgramParameters@Ogre@@QAEXIPBMI@Z+0xd,OgreMain.dll,5,0.0375,13339,20.016
fourteam_fire_prefix,36116,ntdll.dll!_RtlAnsiCharToUnicodeChar@4+0x3,ntdll.dll,5,0.0375,13339,20.016
fourteam_fire_prefix,36116,battlezone98redux.exe!sub_5840e0,battlezone98redux.exe,5,0.0375,13339,20.016
fourteam_fire_prefix,36116,OgreMain.dll!?updateAnimation@Entity@Ogre@@IAEXXZ+0x10f,OgreMain.dll,5,0.0375,13339,20.016
fourteam_fire_prefix,36116,OgreMain.dll!?_calcTempSquareDist@Light@Ogre@@QAEXABVVector3@2@@Z+0x58,OgreMain.dll,5,0.0375,13339,20.016
fourteam_fire_prefix,36116,WINMM.dll@6e1d0000!BZROpenShim::`anonymous namespace'::EmissionLightStateHook+0x10,WINMM.dll@6e1d0000,5,0.0375,13339,20.016
fourteam_fire_prefix,36116,OgreMain.dll!?FastHash@Ogre@@YAIPBDHI@Z+0x6,OgreMain.dll,5,0.0375,13339,20.016
fourteam_fire_prefix,36116,ntdll.dll!_ZwWaitForMultipleObjects@20+0xc,ntdll.dll,5,0.0375,13339,20.016
fourteam_fire_prefix,36116,MSVCR120.dll!memcpy+0x6,MSVCR120.dll,5,0.0375,13339,20.016
fourteam_fire_prefix,36116,OgreMain.dll!?getRenderOperation@SubEntity@Ogre@@UAEXAAVRenderOperation@2@@Z+0x10,OgreMain.dll,5,0.0375,13339,20.016
fourteam_fire_prefix,36116,OgreMain.dll!??4GpuSharedParametersUsage@Ogre@@QAEAAV01@ABV01@@Z+0x2727,OgreMain.dll,5,0.0375,13339,20.016
fourteam_fire_prefix,36116,battlezone98redux.exe!sub_458d70,battlezone98redux.exe,5,0.0375,13339,20.016
fourteam_fire_prefix,36116,battlezone98redux.exe!sub_678b40,battlezone98redux.exe,5,0.0375,13339,20.016
fourteam_fire_prefix,36116,OgreMain.dll!?getSide@Plane@Ogre@@QBE?AW4Side@12@ABVVector3@2@0@Z+0xe,OgreMain.dll,5,0.0375,13339,20.016
fourteam_fire_prefix,36116,OgreMain.dll!?_calcTempSquareDist@Light@Ogre@@QAEXABVVector3@2@@Z+0x20,OgreMain.dll,5,0.0375,13339,20.016
fourteam_fire_prefix,36116,OgreMain.dll!?angleBetween@Vector3@Ogre@@QBE?AVRadian@2@ABV12@@Z+0x58,OgreMain.dll,5,0.0375,13339,20.016
fourteam_fire_prefix,36116,battlezone98redux.exe!sub_442f40,battlezone98redux.exe,5,0.0375,13339,20.016
fourteam_fire_prefix,36116,ntdll.dll!write_string+0x23,ntdll.dll,5,0.0375,13339,20.016
fourteam_fire_prefix,36116,ntdll.dll!_ZwOpenSection@12+0xc,ntdll.dll,5,0.0375,13339,20.016
fourteam_fire_prefix,36116,RenderSystem_Direct3D11.dll!?getConstantBuffer@D3D11HLSLProgram@Ogre@@QAEPAUID3D11Buffer@@V?$SharedPtr@VGpuProgramParameters@Ogre@@@2@G@Z+0x141,RenderSystem_Direct3D11.dll,5,0.0375,13339,20.016
fourteam_fire_prefix,36116,battlezone98redux.exe!sub_451250,battlezone98redux.exe,5,0.0375,13339,20.016
fourteam_fire_prefix,36116,ntdll.dll!_RtlpAbAllocateLockEntry@0+0x16,ntdll.dll,5,0.0375,13339,20.016
fourteam_fire_prefix,36116,MSVCR120.dll!wcschr+0xca,MSVCR120.dll,5,0.0375,13339,20.016
fourteam_fire_prefix,36116,d3d11.dll+0x35e90,d3d11.dll,5,0.0375,13339,20.016
fourteam_fire_prefix,36116,OgreMain.dll!?queryLights@MovableObject@Ogre@@UBEABV?$HashedVector@PAVLight@Ogre@@@2@XZ+0xd,OgreMain.dll,5,0.0375,13339,20.016
fourteam_fire_prefix,36116,battlezone98redux.exe!sub_5938f0,battlezone98redux.exe,5,0.0375,13339,20.016
fourteam_fire_prefix,36116,OgreMain.dll!?isVisible@MovableObject@Ogre@@UBE_NXZ+0x7,OgreMain.dll,5,0.0375,13339,20.016
fourteam_fire_prefix,36116,OgreMain.dll!?update@Light@Ogre@@MBEXXZ+0x132,OgreMain.dll,5,0.0375,13339,20.016
fourteam_fire_prefix,36116,OgreMain.dll!?_populateLightList@SceneManager@Ogre@@UAEXABVVector3@2@MAAV?$HashedVector@PAVLight@Ogre@@@2@I@Z+0xbd,OgreMain.dll,5,0.0375,13339,20.016
fourteam_fire_prefix,36116,d3d11.dll!CreateDirect3D11DeviceFromDXGIDevice+0xbc587,d3d11.dll,5,0.0375,13339,20.016
fourteam_fire_prefix,36116,d3d11.dll!CreateDirect3D11DeviceFromDXGIDevice+0xbc57a,d3d11.dll,5,0.0375,13339,20.016
fourteam_fire_prefix,36116,ntdll.dll!_ZwRaiseException@12+0xc,ntdll.dll,5,0.0375,13339,20.016
fourteam_fire_prefix,36116,ntdll.dll!_RtlpLfhFindClearBitAndSet@16+0x13,ntdll.dll,5,0.0375,13339,20.016
fourteam_fire_prefix,36116,win32u.dll!_NtQueryCompositionSurfaceStatistics@8+0xc,win32u.dll,5,0.0375,13339,20.016
fourteam_fire_prefix,36116,ntdll.dll!_RtlCustomCPToUnicodeN@24+0x106,ntdll.dll,5,0.0375,13339,20.016
fourteam_fire_prefix,36116,OgreMain.dll!?isVisible@Frustum@Ogre@@UBE_NABVAxisAlignedBox@2@PAW4FrustumPlane@2@@Z+0xb0,OgreMain.dll,5,0.0375,13339,20.016
fourteam_fire_prefix,36116,battlezone98redux.exe!FID_conflict:operator==,battlezone98redux.exe,5,0.0375,13339,20.016
fourteam_fire_prefix,36116,battlezone98redux.exe!sub_44ecb0,battlezone98redux.exe,5,0.0375,13339,20.016
fourteam_fire_prefix,36116,OgreMain.dll!?_findNamedConstantDefinition@GpuProgramParameters@Ogre@@QBEPBUGpuConstantDefinition@2@ABV?$basic_string@DU?$char_traits@D@std@@V?$allocator@D@2@@std@@_N@Z+0xdb,OgreMain.dll,5,0.0375,13339,20.016
fourteam_fire_prefix,36116,RenderSystem_Direct3D11.dll!?getMonitorSequentialNumberFromSwapChain@MonitorInfo@Ogre@@QAEGPAUIDXGISwapChain@@_N@Z+0x2ac4,RenderSystem_Direct3D11.dll,5,0.0375,13339,20.016
fourteam_fire_prefix,36116,OgreMain.dll!?ASin@Math@Ogre@@SA?AVRadian@2@M@Z+0x1,OgreMain.dll,5,0.0375,13339,20.016
fourteam_fire_prefix,36116,OgreMain.dll!?_setPass@SceneManager@Ogre@@UAEPBVPass@2@PBV32@_N1@Z+0x87d,OgreMain.dll,5,0.0375,13339,20.016
fourteam_fire_prefix,36116,ntdll.dll!_RtlAcquireSRWLockShared@4+0x1f,ntdll.dll,5,0.0375,13339,20.016
fourteam_fire_prefix,36116,ntdll.dll!__output_l+0x124,ntdll.dll,5,0.0375,13339,20.016
fourteam_fire_prefix,36116,d3d11.dll!CreateDirect3D11DeviceFromDXGIDevice+0xbc64c,d3d11.dll,5,0.0375,13339,20.016
fourteam_fire_prefix,36116,battlezone98redux.exe!sub_43ac70,battlezone98redux.exe,5,0.0375,13339,20.016
fourteam_fire_prefix,36116,battlezone98redux.exe!sub_82d338,battlezone98redux.exe,5,0.0375,13339,20.016
fourteam_fire_prefix,36116,ntdll.dll!@__security_check_cookie@4+0x6,ntdll.dll,5,0.0375,13339,20.016
fourteam_fire_prefix,36116,ntdll.dll!write_char+0x26,ntdll.dll,5,0.0375,13339,20.016
fourteam_fire_prefix,36116,OgreMain.dll!?isTransparentSortingForced@Technique@Ogre@@QBE_NXZ+0xc,OgreMain.dll,5,0.0375,13339,20.016
fourteam_fire_prefix,36116,OgreMain.dll!?isFloat@GpuConstantDefinition@Ogre@@SA_NW4GpuConstantType@2@@Z+0x13,OgreMain.dll,5,0.0375,13339,20.016
fourteam_fire_prefix,36116,OgreMain.dll!?_updateBounds@SceneNode@Ogre@@UAEXXZ+0x213,OgreMain.dll,5,0.0375,13339,20.016
fourteam_fire_prefix,36116,ntdll.dll!_RtlInitUnicodeString@8+0x1e,ntdll.dll,5,0.0375,13339,20.016
fourteam_fire_prefix,36116,ntdll.dll!_LdrGetProcedureAddressForCaller@24+0x193,ntdll.dll,5,0.0375,13339,20.016
fourteam_fire_prefix,36116,MSVCR120.dll!__libm_sse2_asinf+0xa0,MSVCR120.dll,5,0.0375,13339,20.016
fourteam_fire_prefix,36116,OgreMain.dll!?hasViewRelativeTextureCoordinateGeneration@TextureUnitState@Ogre@@QBE_NXZ+0x14,OgreMain.dll,5,0.0375,13339,20.016
fourteam_fire_prefix,36116,OgreMain.dll!??4GpuSharedParametersUsage@Ogre@@QAEAAV01@ABV01@@Z+0x2737,OgreMain.dll,5,0.0375,13339,20.016
fourteam_fire_prefix,36116,battlezone98redux.exe!sub_44b4c0,battlezone98redux.exe,5,0.0375,13339,20.016
fourteam_fire_prefix,36116,OgreMain.dll!?_updateAutoParams@GpuProgramParameters@Ogre@@QAEXPBVAutoParamDataSource@2@G@Z+0x84,OgreMain.dll,5,0.0375,13339,20.016
fourteam_fire_prefix,36116,battlezone98redux.exe!sub_5b2950,battlezone98redux.exe,5,0.0375,13339,20.016
fourteam_fire_prefix,36116,OgreMain.dll!?getContentType@TextureUnitState@Ogre@@QBE?AW4ContentType@12@XZ+0x6,OgreMain.dll,5,0.0375,13339,20.016
fourteam_fire_prefix,36116,ntdll.dll!_RtlCustomCPToUnicodeN@24+0x2,ntdll.dll,5,0.0375,13339,20.016
fourteam_fire_prefix,36116,OgreMain.dll!?createTechnique@Material@Ogre@@QAEPAVTechnique@2@XZ+0xb03,OgreMain.dll,5,0.0375,13339,20.016
fourteam_fire_prefix,36116,battlezone98redux.exe!sub_443060,battlezone98redux.exe,5,0.0375,13339,20.016
fourteam_fire_prefix,36116,WINMM.dll@6e1d0000!BZROpenShim::`anonymous namespace'::HandleEmissionLightState+0x59,WINMM.dll@6e1d0000,5,0.0375,13339,20.016
fourteam_fire_prefix,36116,OgreMain.dll+0x32515,OgreMain.dll,5,0.0375,13339,20.016
fourteam_fire_prefix,36116,OgreMain.dll!??4GpuSharedParametersUsage@Ogre@@QAEAAV01@ABV01@@Z+0x274f,OgreMain.dll,5,0.0375,13339,20.016
fourteam_fire_prefix,36116,battlezone98redux.exe!sub_417f60,battlezone98redux.exe,5,0.0375,13339,20.016
fourteam_fire_prefix,36116,OgreMain.dll+0x41fb,OgreMain.dll,5,0.0375,13339,20.016
fourteam_fire_prefix,36116,RenderSystem_Direct3D11.dll!?getMonitorSequentialNumberFromSwapChain@MonitorInfo@Ogre@@QAEGPAUIDXGISwapChain@@_N@Z+0x2797,RenderSystem_Direct3D11.dll,5,0.0375,13339,20.016
fourteam_fire_prefix,36116,OgreMain.dll!?_updateAutoParams@GpuProgramParameters@Ogre@@QAEXPBVAutoParamDataSource@2@G@Z+0x1246,OgreMain.dll,5,0.0375,13339,20.016
fourteam_fire_prefix,36116,OgreMain.dll!??4GpuSharedParametersUsage@Ogre@@QAEAAV01@ABV01@@Z+0x2785,OgreMain.dll,5,0.0375,13339,20.016
fourteam_fire_prefix,36116,OgreMain.dll!??1QueuedRenderableCollection@Ogre@@QAE@XZ+0xb16,OgreMain.dll,5,0.0375,13339,20.016
fourteam_fire_prefix,36116,OgreMain.dll!?transformAffine@AxisAlignedBox@Ogre@@QAEXABVMatrix4@2@@Z+0x1c4,OgreMain.dll,5,0.0375,13339,20.016
fourteam_fire_prefix,36116,ntdll.dll!_RtlCustomCPToUnicodeN@24+0x11,ntdll.dll,5,0.0375,13339,20.016
fourteam_fire_prefix,36116,RenderSystem_Direct3D11.dll!?_render@D3D11RenderSystem@Ogre@@UAEXABVRenderOperation@2@@Z+0x64b,RenderSystem_Direct3D11.dll,5,0.0375,13339,20.016
fourteam_fire_prefix,36116,ntdll.dll!__output_l+0x145,ntdll.dll,5,0.0375,13339,20.016
fourteam_fire_prefix,36116,ntdll.dll!__aulldvrm+0x7c,ntdll.dll,5,0.0375,13339,20.016
fourteam_fire_prefix,36116,ntdll.dll!write_char+0x12,ntdll.dll,5,0.0375,13339,20.016
fourteam_fire_prefix,36116,ntdll.dll!_ZwQueryInformationProcess@20+0x26,ntdll.dll,5,0.0375,13339,20.016
fourteam_fire_prefix,36116,OgreMain.dll!?setNull@?$SharedPtr@VHardwareIndexBuffer@Ogre@@@Ogre@@QAEXXZ+0xa,OgreMain.dll,5,0.0375,13339,20.016
fourteam_fire_prefix,36116,OgreMain.dll+0x2e866,OgreMain.dll,4,0.03,13339,20.016
fourteam_fire_prefix,36116,battlezone98redux.exe!sub_62c8f0,battlezone98redux.exe,4,0.03,13339,20.016
fourteam_fire_prefix,36116,OgreMain.dll!?isInLightRange@Light@Ogre@@QBE_NABVSphere@2@@Z+0x64,OgreMain.dll,4,0.03,13339,20.016
fourteam_fire_prefix,36116,RenderSystem_Direct3D11.dll!?uninstall@D3D11Plugin@Ogre@@UAEXXZ+0x50e2,RenderSystem_Direct3D11.dll,4,0.03,13339,20.016
fourteam_fire_prefix,36116,OgreMain.dll!?_populateLightList@SceneManager@Ogre@@UAEXABVVector3@2@MAAV?$HashedVector@PAVLight@Ogre@@@2@I@Z+0x14f,OgreMain.dll,4,0.03,13339,20.016
fourteam_fire_prefix,36116,ntdll.dll!LdrpNameToOrdinal+0x38,ntdll.dll,4,0.03,13339,20.016
fourteam_fire_prefix,36116,battlezone98redux.exe!sub_62bc80,battlezone98redux.exe,4,0.03,13339,20.016
fourteam_fire_prefix,36116,OgreMain.dll!?isHardwareAnimationEnabled@Entity@Ogre@@QAE_NXZ+0x2c,OgreMain.dll,4,0.03,13339,20.016
fourteam_fire_prefix,36116,OgreMain.dll+0x2a95,OgreMain.dll,4,0.03,13339,20.016
fourteam_fire_prefix,36116,OgreMain.dll!?_findNamedConstantDefinition@GpuProgramParameters@Ogre@@QBEPBUGpuConstantDefinition@2@ABV?$basic_string@DU?$char_traits@D@std@@V?$allocator@D@2@@std@@_N@Z+0x3f,OgreMain.dll,4,0.03,13339,20.016
fourteam_fire_prefix,36116,OgreMain.dll!?createTechnique@Material@Ogre@@QAEPAVTechnique@2@XZ+0xb1b,OgreMain.dll,4,0.03,13339,20.016
fourteam_fire_prefix,36116,d3d11.dll+0x27041,d3d11.dll,4,0.03,13339,20.016
fourteam_fire_prefix,36116,battlezone98redux.exe!sub_5fb450,battlezone98redux.exe,4,0.03,13339,20.016
fourteam_fire_prefix,36116,battlezone98redux.exe!sub_81fa10,battlezone98redux.exe,4,0.03,13339,20.016
fourteam_fire_prefix,36116,OgreMain.dll!??4GpuSharedParametersUsage@Ogre@@QAEAAV01@ABV01@@Z+0x2732,OgreMain.dll,4,0.03,13339,20.016
fourteam_fire_prefix,36116,OgreMain.dll!?_updateAutoParams@GpuProgramParameters@Ogre@@QAEXPBVAutoParamDataSource@2@G@Z+0x2031,OgreMain.dll,4,0.03,13339,20.016
fourteam_fire_prefix,36116,battlezone98redux.exe!sub_45d240,battlezone98redux.exe,4,0.03,13339,20.016
fourteam_fire_prefix,36116,OgreMain.dll!?isInLightRange@Light@Ogre@@QBE_NABVSphere@2@@Z+0x138,OgreMain.dll,4,0.03,13339,20.016
fourteam_fire_prefix,36116,OgreMain.dll!??RlightLess@SceneManager@Ogre@@QBE_NPBVLight@2@0@Z+0x1a,OgreMain.dll,4,0.03,13339,20.016
fourteam_fire_prefix,36116,MSVCR120.dll!__libm_sse2_acosf+0x76,MSVCR120.dll,4,0.03,13339,20.016
fourteam_fire_prefix,36116,OgreMain.dll!?_findNamedConstantDefinition@GpuProgramParameters@Ogre@@QBEPBUGpuConstantDefinition@2@ABV?$basic_string@DU?$char_traits@D@std@@V?$allocator@D@2@@std@@_N@Z+0xba,OgreMain.dll,4,0.03,13339,20.016
fourteam_fire_prefix,36116,battlezone98redux.exe!sub_4200d0,battlezone98redux.exe,4,0.03,13339,20.016
fourteam_fire_prefix,36116,OgreMain.dll+0x2f103,OgreMain.dll,4,0.03,13339,20.016
fourteam_fire_prefix,36116,ntdll.dll!__vsnwprintf_l+0xc,ntdll.dll,4,0.03,13339,20.016
fourteam_fire_prefix,36116,win32u.dll!_NtGdiDdDDICheckMonitorPowerState@4+0xc,win32u.dll,4,0.03,13339,20.016
fourteam_fire_prefix,36116,battlezone98redux.exe!sub_42da60,battlezone98redux.exe,4,0.03,13339,20.016
fourteam_fire_prefix,36116,battlezone98redux.exe!sub_6895d0,battlezone98redux.exe,4,0.03,13339,20.016
fourteam_fire_prefix,36116,ntdll.dll!__output_l+0xe9,ntdll.dll,4,0.03,13339,20.016
fourteam_fire_prefix,36116,OgreMain.dll!??4GpuSharedParametersUsage@Ogre@@QAEAAV01@ABV01@@Z+0x2749,OgreMain.dll,4,0.03,13339,20.016
fourteam_fire_prefix,36116,RenderSystem_Direct3D11.dll!??0D3D11RenderWindowSwapChainBased@Ogre@@QAE@ABV01@@Z+0x310,RenderSystem_Direct3D11.dll,4,0.03,13339,20.016
fourteam_fire_prefix,36116,battlezone98redux.exe!sub_83e885,battlezone98redux.exe,4,0.03,13339,20.016
fourteam_fire_prefix,36116,OgreMain.dll!??RlightLess@SceneManager@Ogre@@QBE_NPBVLight@2@0@Z+0x1d,OgreMain.dll,4,0.03,13339,20.016
fourteam_fire_prefix,36116,RenderSystem_Direct3D11.dll!?unlockImpl@D3D11HardwareBuffer@Ogre@@MAEXXZ+0x53,RenderSystem_Direct3D11.dll,4,0.03,13339,20.016
fourteam_fire_prefix,36116,OgreMain.dll!?clone@Animation@Ogre@@QBEPAV12@ABV?$basic_string@DU?$char_traits@D@std@@V?$allocator@D@2@@std@@@Z+0x2e4,OgreMain.dll,4,0.03,13339,20.016
fourteam_fire_prefix,36116,OgreMain.dll!?createTechnique@Material@Ogre@@QAEPAVTechnique@2@XZ+0xa35,OgreMain.dll,4,0.03,13339,20.016
fourteam_fire_prefix,36116,RenderSystem_Direct3D11.dll!?getConstantBuffer@D3D11HLSLProgram@Ogre@@QAEPAUID3D11Buffer@@V?$SharedPtr@VGpuProgramParameters@Ogre@@@2@G@Z+0x100,RenderSystem_Direct3D11.dll,4,0.03,13339,20.016
fourteam_fire_prefix,36116,OgreMain.dll!?_getCurrentSceneManager@Root@Ogre@@QBEPAVSceneManager@2@XZ+0x4d,OgreMain.dll,4,0.03,13339,20.016
fourteam_fire_prefix,36116,battlezone98redux.exe!FID_conflict:operator!=,battlezone98redux.exe,4,0.03,13339,20.016
fourteam_fire_prefix,36116,ntdll.dll!_ZwTraceEvent@16+0xc,ntdll.dll,4,0.03,13339,20.016
fourteam_fire_prefix,36116,MSVCR120.dll!__libm_sse2_acosf+0x124,MSVCR120.dll,4,0.03,13339,20.016
fourteam_fire_prefix,36116,battlezone98redux.exe!sub_82f2d3,battlezone98redux.exe,4,0.03,13339,20.016
fourteam_fire_prefix,36116,OgreMain.dll!??4GpuSharedParametersUsage@Ogre@@QAEAAV01@ABV01@@Z+0x2711,OgreMain.dll,4,0.03,13339,20.016
fourteam_fire_prefix,36116,OgreMain.dll!?createTechnique@Material@Ogre@@QAEPAVTechnique@2@XZ+0xaf6,OgreMain.dll,4,0.03,13339,20.016
fourteam_fire_prefix,36116,OgreMain.dll!?updateFromParentImpl@SceneNode@Ogre@@MBEXXZ+0x11,OgreMain.dll,4,0.03,13339,20.016
fourteam_fire_prefix,36116,OgreMain.dll!?angleBetween@Vector3@Ogre@@QBE?AVRadian@2@ABV12@@Z+0x3a,OgreMain.dll,4,0.03,13339,20.016
fourteam_fire_prefix,36116,battlezone98redux.exe!construct<>,battlezone98redux.exe,4,0.03,13339,20.016
fourteam_fire_prefix,36116,OgreMain.dll!?chooseVertexDataForBinding@Entity@Ogre@@QAE?AW4VertexDataBindChoice@12@_N@Z+0xa,OgreMain.dll,4,0.03,13339,20.016
fourteam_fire_prefix,36116,OgreMain.dll!?isInLightRange@Light@Ogre@@QBE_NABVSphere@2@@Z+0xe4,OgreMain.dll,4,0.03,13339,20.016
fourteam_fire_prefix,36116,ntdll.dll!__output_l+0xca,ntdll.dll,4,0.03,13339,20.016
fourteam_fire_prefix,36116,OgreMain.dll!?_populateLightList@SceneManager@Ogre@@UAEXABVVector3@2@MAAV?$HashedVector@PAVLight@Ogre@@@2@I@Z+0x97,OgreMain.dll,4,0.03,13339,20.016
fourteam_fire_prefix,36116,ntdll.dll!__woutput_l+0x4e0,ntdll.dll,4,0.03,13339,20.016
fourteam_fire_prefix,36116,OgreMain.dll!?_getRenderOperation@SubMesh@Ogre@@QAEXAAVRenderOperation@2@G@Z+0x2c,OgreMain.dll,4,0.03,13339,20.016
fourteam_fire_prefix,36116,OgreMain.dll!?getProjectionMatrix@AutoParamDataSource@Ogre@@UBEABVMatrix4@2@XZ+0x9b,OgreMain.dll,4,0.03,13339,20.016
fourteam_fire_prefix,36116,OgreMain.dll!?_populateLightList@SceneManager@Ogre@@UAEXABVVector3@2@MAAV?$HashedVector@PAVLight@Ogre@@@2@I@Z+0x140,OgreMain.dll,4,0.03,13339,20.016
fourteam_fire_prefix,36116,OgreMain.dll+0xc09f,OgreMain.dll,4,0.03,13339,20.016
fourteam_fire_prefix,36116,OgreMain.dll!?touchVertexBufferCopy@HardwareBufferManagerBase@Ogre@@UAEXABVHardwareVertexBufferSharedPtr@2@@Z+0x3d,OgreMain.dll,4,0.03,13339,20.016
fourteam_fire_prefix,36116,ntdll.dll!_LdrGetProcedureAddressForCaller@24+0x50f,ntdll.dll,4,0.03,13339,20.016
fourteam_fire_prefix,36116,battlezone98redux.exe!sub_4976f0,battlezone98redux.exe,4,0.03,13339,20.016
fourteam_fire_prefix,36116,battlezone98redux.exe!sub_584d30,battlezone98redux.exe,4,0.03,13339,20.016
fourteam_fire_prefix,36116,RenderSystem_Direct3D11.dll+0x2554,RenderSystem_Direct3D11.dll,4,0.03,13339,20.016
fourteam_fire_prefix,36116,ntdll.dll!write_char+0x2,ntdll.dll,4,0.03,13339,20.016
fourteam_fire_prefix,36116,OgreMain.dll!??4GpuSharedParametersUsage@Ogre@@QAEAAV01@ABV01@@Z+0x2723,OgreMain.dll,4,0.03,13339,20.016
fourteam_fire_prefix,36116,ntdll.dll!__woutput_l+0x103,ntdll.dll,4,0.03,13339,20.016
fourteam_fire_prefix,36116,OgreMain.dll!?getBestTechnique@Material@Ogre@@QAEPAVTechnique@2@GPBVRenderable@2@@Z+0x8d,OgreMain.dll,4,0.03,13339,20.016
fourteam_fire_prefix,36116,RenderSystem_Direct3D11.dll!?_render@D3D11RenderSystem@Ogre@@UAEXABVRenderOperation@2@@Z+0x9a,RenderSystem_Direct3D11.dll,4,0.03,13339,20.016
fourteam_fire_prefix,36116,OgreMain.dll!?normalise@Vector3@Ogre@@QAEMXZ+0x42,OgreMain.dll,4,0.03,13339,20.016
fourteam_fire_prefix,36116,battlezone98redux.exe!sub_4ab380,battlezone98redux.exe,4,0.03,13339,20.016
fourteam_fire_prefix,36116,RenderSystem_Direct3D11.dll!?getConstantBuffer@D3D11HLSLProgram@Ogre@@QAEPAUID3D11Buffer@@V?$SharedPtr@VGpuProgramParameters@Ogre@@@2@G@Z+0x4d,RenderSystem_Direct3D11.dll,4,0.03,13339,20.016
fourteam_fire_prefix,36116,OgreMain.dll!?transformAffine@AxisAlignedBox@Ogre@@QAEXABVMatrix4@2@@Z+0x8a,OgreMain.dll,4,0.03,13339,20.016
fourteam_fire_prefix,36116,ntdll.dll!_LdrpAddUnicodeStringToSnapsBuffer@4+0x46,ntdll.dll,4,0.03,13339,20.016
fourteam_fire_prefix,36116,ntdll.dll!__aulldvrm+0x5,ntdll.dll,4,0.03,13339,20.016
fourteam_fire_prefix,36116,OgreMain.dll!??4GpuSharedParametersUsage@Ogre@@QAEAAV01@ABV01@@Z+0x27ae,OgreMain.dll,4,0.03,13339,20.016
fourteam_fire_prefix,36116,battlezone98redux.exe!sub_4deaa0,battlezone98redux.exe,4,0.03,13339,20.016
fourteam_fire_prefix,36116,OgreMain.dll!?_findNamedConstantDefinition@GpuProgramParameters@Ogre@@QBEPBUGpuConstantDefinition@2@ABV?$basic_string@DU?$char_traits@D@std@@V?$allocator@D@2@@std@@_N@Z+0xfe,OgreMain.dll,4,0.03,13339,20.016
fourteam_fire_prefix,36116,OgreMain.dll!?isTransparentSortingForced@Technique@Ogre@@QBE_NXZ+0x2,OgreMain.dll,4,0.03,13339,20.016
fourteam_fire_prefix,36116,ntdll.dll!__woutput_l+0x819,ntdll.dll,4,0.03,13339,20.016
fourteam_fire_prefix,36116,ntdll.dll!__woutput_l+0x75b,ntdll.dll,4,0.03,13339,20.016
fourteam_fire_prefix,36116,battlezone98redux.exe!sub_447ed0,battlezone98redux.exe,4,0.03,13339,20.016
fourteam_fire_prefix,36116,battlezone98redux.exe!sub_679d70,battlezone98redux.exe,4,0.03,13339,20.016
fourteam_fire_prefix,36116,OgreMain.dll!?determinant@Matrix4@Ogre@@QBEMXZ+0x159,OgreMain.dll,4,0.03,13339,20.016
fourteam_fire_prefix,36116,ntdll.dll!_LdrpFindLoadedDllByAddress@12+0x51,ntdll.dll,4,0.03,13339,20.016
fourteam_fire_prefix,36116,ntdll.dll!RtlpImageDirectoryEntryToDataEx+0x43,ntdll.dll,4,0.03,13339,20.016
fourteam_fire_prefix,36116,battlezone98redux.exe!sub_784000,battlezone98redux.exe,4,0.03,13339,20.016
fourteam_fire_prefix,36116,OgreMain.dll!?clone@Animation@Ogre@@QBEPAV12@ABV?$basic_string@DU?$char_traits@D@std@@V?$allocator@D@2@@std@@@Z+0x2e9,OgreMain.dll,4,0.03,13339,20.016
fourteam_fire_prefix,36116,ntdll.dll!write_string+0x9,ntdll.dll,4,0.03,13339,20.016
fourteam_fire_prefix,36116,OgreMain.dll!?merge@VisibleObjectsBoundsInfo@Ogre@@QAEXABVAxisAlignedBox@2@ABVSphere@2@PBVCamera@2@_N@Z+0x134,OgreMain.dll,4,0.03,13339,20.016
fourteam_fire_prefix,36116,ntdll.dll!_LdrpResolveProcedureAddress@24+0x9f,ntdll.dll,4,0.03,13339,20.016
fourteam_fire_prefix,36116,d3d11.dll!CreateDirect3D11DeviceFromDXGIDevice+0x9f73d,d3d11.dll,4,0.03,13339,20.016
fourteam_fire_prefix,36116,ntdll.dll!_mbtowc+0x2,ntdll.dll,4,0.03,13339,20.016
fourteam_fire_prefix,36116,MSVCR120.dll!__libm_sse2_acosf+0x10d,MSVCR120.dll,4,0.03,13339,20.016
fourteam_fire_prefix,36116,WINMM.dll@6e1d0000!BZROpenShim::`anonymous namespace'::EmissionLightStateHook+0x12,WINMM.dll@6e1d0000,4,0.03,13339,20.016
fourteam_fire_prefix,36116,MSVCR120.dll!__libm_sse2_asinf+0x30,MSVCR120.dll,4,0.03,13339,20.016
fourteam_fire_prefix,36116,d3d11.dll!CreateDirect3D11DeviceFromDXGIDevice+0xbda6d,d3d11.dll,4,0.03,13339,20.016
fourteam_fire_prefix,36116,d3d11.dll!CreateDirect3D11DeviceFromDXGIDevice+0xa2171,d3d11.dll,4,0.03,13339,20.016
fourteam_fire_prefix,36116,ntdll.dll!_memmove+0x3e,ntdll.dll,4,0.03,13339,20.016
fourteam_fire_prefix,36116,nvwgf2um.dll!NVENCODEAPI_Thunk+0x217c9b,nvwgf2um.dll,4,0.03,13339,20.016
fourteam_fire_prefix,36116,win32u.dll!_NtGdiDdDDISetQueuedLimit@4+0xc,win32u.dll,4,0.03,13339,20.016
fourteam_fire_prefix,36116,ntdll.dll!__woutput_l+0xad,ntdll.dll,4,0.03,13339,20.016
fourteam_fire_prefix,36116,OgreMain.dll!?visit@SceneMgrQueuedRenderableVisitor@SceneManager@Ogre@@UAEXPAVRenderable@3@@Z+0x16,OgreMain.dll,4,0.03,13339,20.016
fourteam_fire_prefix,36116,MSVCR120.dll!__libm_sse2_asinf+0x9c,MSVCR120.dll,4,0.03,13339,20.016
fourteam_fire_prefix,36116,battlezone98redux.exe!sub_442fd0,battlezone98redux.exe,4,0.03,13339,20.016
fourteam_fire_prefix,36116,WINMM.dll@6e1d0000!BZROpenShim::`anonymous namespace'::GetHeadlightOgreApi+0x424,WINMM.dll@6e1d0000,4,0.03,13339,20.016
fourteam_fire_prefix,36116,battlezone98redux.exe!sub_82c82c,battlezone98redux.exe,4,0.03,13339,20.016
fourteam_fire_prefix,36116,battlezone98redux.exe!sub_449ce0,battlezone98redux.exe,4,0.03,13339,20.016
fourteam_fire_prefix,36116,battlezone98redux.exe!sub_785730,battlezone98redux.exe,4,0.03,13339,20.016
fourteam_fire_prefix,36116,OgreMain.dll!?isInLightRange@Light@Ogre@@QBE_NABVSphere@2@@Z+0x9f,OgreMain.dll,4,0.03,13339,20.016
fourteam_fire_prefix,36116,ntdll.dll!_RtlUnicodeToMultiByteN@20+0x3,ntdll.dll,4,0.03,13339,20.016
fourteam_fire_prefix,36116,OgreMain.dll!?getIndexAscending@LodStrategy@Ogre@@KAGMABV?$vector@MV?$STLAllocator@MV?$CategorisedAllocPolicy@$0A@@Ogre@@@Ogre@@@std@@@Z+0x24,OgreMain.dll,4,0.03,13339,20.016
fourteam_fire_prefix,36116,ntdll.dll!_ZwRemoveIoCompletion@20+0xc,ntdll.dll,4,0.03,13339,20.016
fourteam_fire_prefix,36116,MSVCR120.dll!__libm_sse2_acosf+0xe0,MSVCR120.dll,4,0.03,13339,20.016
fourteam_fire_prefix,36116,battlezone98redux.exe!sub_778450,battlezone98redux.exe,4,0.03,13339,20.016
fourteam_fire_prefix,36116,ntdll.dll!_RtlpLocalInfoAllocFromCache@8+0x28,ntdll.dll,4,0.03,13339,20.016
fourteam_fire_prefix,36116,ntdll.dll!_RtlCustomCPToUnicodeN@24+0x77,ntdll.dll,4,0.03,13339,20.016
fourteam_fire_prefix,36116,OgreMain.dll!?_updateBounds@SceneNode@Ogre@@UAEXXZ+0x2de,OgreMain.dll,4,0.03,13339,20.016
fourteam_fire_prefix,36116,ntdll.dll!_memmove+0x9c,ntdll.dll,4,0.03,13339,20.016
fourteam_fire_prefix,36116,ntdll.dll!write_string+0x2,ntdll.dll,4,0.03,13339,20.016
fourteam_fire_prefix,36116,nvwgf2um.dll!NVENCODEAPI_Thunk+0x21760e,nvwgf2um.dll,4,0.03,13339,20.016
fourteam_fire_prefix,36116,ntdll.dll!RtlNtStatusToDosError,ntdll.dll,4,0.03,13339,20.016
fourteam_fire_prefix,36116,ntdll.dll!_RtlAnsiStringToUnicodeString@12+0x43,ntdll.dll,4,0.03,13339,20.016
fourteam_fire_prefix,36116,OgreMain.dll!?getSide@Plane@Ogre@@QBE?AW4Side@12@ABVVector3@2@0@Z+0x7,OgreMain.dll,3,0.0225,13339,20.016
fourteam_fire_prefix,36116,RenderSystem_Direct3D11.dll!?getConstantBuffer@D3D11HLSLProgram@Ogre@@QAEPAUID3D11Buffer@@V?$SharedPtr@VGpuProgramParameters@Ogre@@@2@G@Z+0x9a,RenderSystem_Direct3D11.dll,3,0.0225,13339,20.016
fourteam_fire_prefix,36116,OgreMain.dll!?load@Resource@Ogre@@UAEX_N@Z+0x3a4,OgreMain.dll,3,0.0225,13339,20.016
fourteam_fire_prefix,36116,d3d11.dll+0x35e92,d3d11.dll,3,0.0225,13339,20.016
fourteam_fire_prefix,36116,OgreMain.dll!?_populateLightList@SceneManager@Ogre@@UAEXABVVector3@2@MAAV?$HashedVector@PAVLight@Ogre@@@2@I@Z+0xb2,OgreMain.dll,3,0.0225,13339,20.016
fourteam_fire_prefix,36116,WINMM.dll@6e1d0000!BZROpenShim::`anonymous namespace'::TransformLocalBoxAffine+0x2f,WINMM.dll@6e1d0000,3,0.0225,13339,20.016
fourteam_fire_prefix,36116,battlezone98redux.exe!sub_832183,battlezone98redux.exe,3,0.0225,13339,20.016
fourteam_fire_prefix,36116,OgreMain.dll!?getWorldBoundingBox@Entity@Ogre@@UBEABVAxisAlignedBox@2@_N@Z+0x17,OgreMain.dll,3,0.0225,13339,20.016
fourteam_fire_prefix,36116,OgreMain.dll!?_notifyCurrentCamera@MovableObject@Ogre@@UAEXPAVCamera@2@@Z+0x1f3,OgreMain.dll,3,0.0225,13339,20.016
fourteam_fire_prefix,36116,battlezone98redux.exe!sub_417ca0,battlezone98redux.exe,3,0.0225,13339,20.016
fourteam_fire_prefix,36116,OgreMain.dll!?clone@Animation@Ogre@@QBEPAV12@ABV?$basic_string@DU?$char_traits@D@std@@V?$allocator@D@2@@std@@@Z+0x286,OgreMain.dll,3,0.0225,13339,20.016
fourteam_fire_prefix,36116,OgreMain.dll!?acceptVisitorGrouped@QueuedRenderableCollection@Ogre@@IBEXPAVQueuedRenderableVisitor@2@@Z+0xc7,OgreMain.dll,3,0.0225,13339,20.016
fourteam_fire_prefix,36116,ntdll.dll!__output_l+0xbd,ntdll.dll,3,0.0225,13339,20.016
fourteam_fire_prefix,36116,OgreMain.dll!?updateFromParentImpl@SceneNode@Ogre@@MBEXXZ+0x18,OgreMain.dll,3,0.0225,13339,20.016
fourteam_fire_prefix,36116,MSVCR120.dll!__libm_sse2_asinf+0x1c,MSVCR120.dll,3,0.0225,13339,20.016
fourteam_fire_prefix,36116,MSVCR120.dll!__libm_sse2_acosf+0x16f,MSVCR120.dll,3,0.0225,13339,20.016
fourteam_fire_prefix,36116,OgreMain.dll!?setVisible@Light@Ogre@@UAEX_N@Z+0x1,OgreMain.dll,3,0.0225,13339,20.016
fourteam_fire_prefix,36116,battlezone98redux.exe!sub_67a780,battlezone98redux.exe,3,0.0225,13339,20.016
fourteam_fire_prefix,36116,d3d11.dll+0x2b4ff,d3d11.dll,3,0.0225,13339,20.016
fourteam_fire_prefix,36116,OgreMain.dll!?getSide@Plane@Ogre@@QBE?AW4Side@12@ABVVector3@2@0@Z+0x76,OgreMain.dll,3,0.0225,13339,20.016
fourteam_fire_prefix,36116,OgreMain.dll!?isVisible@Frustum@Ogre@@UBE_NABVAxisAlignedBox@2@PAW4FrustumPlane@2@@Z+0xb3,OgreMain.dll,3,0.0225,13339,20.016
fourteam_fire_prefix,36116,d3d11.dll+0x30d4e,d3d11.dll,3,0.0225,13339,20.016
fourteam_fire_prefix,36116,ntdll.dll!_LdrpSetSnapsUnicodeString2@0+0x2b,ntdll.dll,3,0.0225,13339,20.016
fourteam_fire_prefix,36116,OgreMain.dll!?createTechnique@Material@Ogre@@QAEPAVTechnique@2@XZ+0xa23,OgreMain.dll,3,0.0225,13339,20.016
fourteam_fire_prefix,36116,OgreMain.dll!?getAttenuationRange@Light@Ogre@@QBEMXZ+0x6,OgreMain.dll,3,0.0225,13339,20.016
fourteam_fire_prefix,36116,ntdll.dll!__aulldvrm+0x1,ntdll.dll,3,0.0225,13339,20.016
fourteam_fire_prefix,36116,nvwgf2um.dll!OpenAdapter10+0x726fd,nvwgf2um.dll,3,0.0225,13339,20.016
fourteam_fire_prefix,36116,OgreMain.dll!?hasVertexAnimation@Mesh@Ogre@@QBE_NXZ+0x2,OgreMain.dll,3,0.0225,13339,20.016
fourteam_fire_prefix,36116,OgreMain.dll!?_calcTempSquareDist@Light@Ogre@@QAEXABVVector3@2@@Z+0x30,OgreMain.dll,3,0.0225,13339,20.016
fourteam_fire_prefix,36116,nvwgf2um.dll!OpenAdapter10+0x71b00,nvwgf2um.dll,3,0.0225,13339,20.016
fourteam_fire_prefix,36116,battlezone98redux.exe!sub_4a8ab0,battlezone98redux.exe,3,0.0225,13339,20.016
fourteam_fire_prefix,36116,OgreMain.dll!?acceptVisitorGrouped@QueuedRenderableCollection@Ogre@@IBEXPAVQueuedRenderableVisitor@2@@Z+0x6b,OgreMain.dll,3,0.0225,13339,20.016
fourteam_fire_prefix,36116,OgreMain.dll+0x6c12,OgreMain.dll,3,0.0225,13339,20.016
fourteam_fire_prefix,36116,battlezone98redux.exe!sub_81ee70,battlezone98redux.exe,3,0.0225,13339,20.016
fourteam_fire_prefix,36116,OgreMain.dll!?getWorldViewMatrix@AutoParamDataSource@Ogre@@UBEABVMatrix4@2@XZ+0x2a,OgreMain.dll,3,0.0225,13339,20.016
fourteam_fire_prefix,36116,OgreMain.dll!?setCurrentLightList@AutoParamDataSource@Ogre@@UAEXPBV?$HashedVector@PAVLight@Ogre@@@2@@Z+0x43,OgreMain.dll,3,0.0225,13339,20.016
fourteam_fire_prefix,36116,OgreMain.dll!?touchVertexBufferCopy@HardwareBufferManagerBase@Ogre@@UAEXABVHardwareVertexBufferSharedPtr@2@@Z+0x41,OgreMain.dll,3,0.0225,13339,20.016
fourteam_fire_prefix,36116,OgreMain.dll!?getChildObjectsBoundingBox@Entity@Ogre@@QBE?AVAxisAlignedBox@2@XZ+0xfa,OgreMain.dll,3,0.0225,13339,20.016
fourteam_fire_prefix,36116,OgreMain.dll!?_setPass@SceneManager@Ogre@@UAEPBVPass@2@PBV32@_N1@Z+0x321,OgreMain.dll,3,0.0225,13339,20.016
fourteam_fire_prefix,36116,battlezone98redux.exe!sub_4497c0,battlezone98redux.exe,3,0.0225,13339,20.016
fourteam_fire_prefix,36116,OgreMain.dll!??4GpuSharedParametersUsage@Ogre@@QAEAAV01@ABV01@@Z+0x2700,OgreMain.dll,3,0.0225,13339,20.016
fourteam_fire_prefix,36116,OgreMain.dll!?_updateAutoParams@GpuProgramParameters@Ogre@@QAEXPBVAutoParamDataSource@2@G@Z+0x1ae9,OgreMain.dll,3,0.0225,13339,20.016
fourteam_fire_prefix,36116,d3d11.dll!CreateDirect3D11DeviceFromDXGIDevice+0x9f940,d3d11.dll,3,0.0225,13339,20.016
fourteam_fire_prefix,36116,battlezone98redux.exe!sub_681a00,battlezone98redux.exe,3,0.0225,13339,20.016
fourteam_fire_prefix,36116,ntdll.dll!write_string+0x35,ntdll.dll,3,0.0225,13339,20.016
fourteam_fire_prefix,36116,battlezone98redux.exe!sub_46eaf0,battlezone98redux.exe,3,0.0225,13339,20.016
fourteam_fire_prefix,36116,ntdll.dll!write_string+0x67,ntdll.dll,3,0.0225,13339,20.016
fourteam_fire_prefix,36116,MSVCR120.dll!??2@YAPAXI@Z+0xbd,MSVCR120.dll,3,0.0225,13339,20.016
fourteam_fire_prefix,36116,nvwgf2um.dll!OpenAdapter10+0x72b10,nvwgf2um.dll,3,0.0225,13339,20.016
fourteam_fire_prefix,36116,ntdll.dll!_memset+0x2f,ntdll.dll,3,0.0225,13339,20.016
fourteam_fire_prefix,36116,OgreMain.dll!??4GpuSharedParametersUsage@Ogre@@QAEAAV01@ABV01@@Z+0x278f,OgreMain.dll,3,0.0225,13339,20.016
fourteam_fire_prefix,36116,OgreMain.dll!?isInLightRange@Light@Ogre@@QBE_NABVSphere@2@@Z+0x35,OgreMain.dll,3,0.0225,13339,20.016
fourteam_fire_prefix,36116,OgreMain.dll!??4GpuSharedParametersUsage@Ogre@@QAEAAV01@ABV01@@Z+0x278c,OgreMain.dll,3,0.0225,13339,20.016
fourteam_fire_prefix,36116,OgreMain.dll!?getSquaredViewDepth@Node@Ogre@@UBEMPBVCamera@2@@Z+0x1f,OgreMain.dll,3,0.0225,13339,20.016
fourteam_fire_prefix,36116,battlezone98redux.exe!sub_4178a0,battlezone98redux.exe,3,0.0225,13339,20.016
fourteam_fire_prefix,36116,OgreMain.dll!?getType@GpuProgram@Ogre@@UBE?AW4GpuProgramType@2@XZ+0x6,OgreMain.dll,3,0.0225,13339,20.016
fourteam_fire_prefix,36116,ntdll.dll!_RtlpIsUtf8Process@4,ntdll.dll,3,0.0225,13339,20.016
fourteam_fire_prefix,36116,OgreMain.dll!?isVisible@Frustum@Ogre@@UBE_NABVSphere@2@PAW4FrustumPlane@2@@Z+0x64,OgreMain.dll,3,0.0225,13339,20.016
fourteam_fire_prefix,36116,ntdll.dll!write_multi_char,ntdll.dll,3,0.0225,13339,20.016
fourteam_fire_prefix,36116,ntdll.dll!write_char+0x38,ntdll.dll,3,0.0225,13339,20.016
fourteam_fire_prefix,36116,ntdll.dll!RtlpImageDirectoryEntryToDataEx+0x40,ntdll.dll,3,0.0225,13339,20.016
fourteam_fire_prefix,36116,OgreMain.dll!?isInLightRange@Light@Ogre@@QBE_NABVSphere@2@@Z+0x89,OgreMain.dll,3,0.0225,13339,20.016
fourteam_fire_prefix,36116,d3d11.dll+0x35ea9,d3d11.dll,3,0.0225,13339,20.016
fourteam_fire_prefix,36116,ntdll.dll!_ZwWaitForSingleObject@12+0xc,ntdll.dll,3,0.0225,13339,20.016
fourteam_fire_prefix,36116,d3d11.dll!CreateDirect3D11DeviceFromDXGIDevice+0xa20c1,d3d11.dll,3,0.0225,13339,20.016
fourteam_fire_prefix,36116,ntdll.dll!_RtlInitString@8+0x1,ntdll.dll,3,0.0225,13339,20.016
fourteam_fire_prefix,36116,OgreMain.dll!??RlightLess@SceneManager@Ogre@@QBE_NPBVLight@2@0@Z+0x1,OgreMain.dll,3,0.0225,13339,20.016
fourteam_fire_prefix,36116,nvwgf2um.dll!NVENCODEAPI_Thunk+0x68f53,nvwgf2um.dll,3,0.0225,13339,20.016
fourteam_fire_prefix,36116,OgreMain.dll!?_detectImplementation@OptimisedUtil@Ogre@@KAPAV12@XZ+0x459c,OgreMain.dll,3,0.0225,13339,20.016
fourteam_fire_prefix,36116,OgreMain.dll!?lock@HardwareBuffer@Ogre@@QAEPAXW4LockOptions@12@W4UploadOptions@12@@Z+0x8,OgreMain.dll,3,0.0225,13339,20.016
fourteam_fire_prefix,36116,ntdll.dll!_RtlInitString@8,ntdll.dll,3,0.0225,13339,20.016
fourteam_fire_prefix,36116,OgreMain.dll!?_findNamedConstantDefinition@GpuProgramParameters@Ogre@@QBEPBUGpuConstantDefinition@2@ABV?$basic_string@DU?$char_traits@D@std@@V?$allocator@D@2@@std@@_N@Z+0x1b4,OgreMain.dll,3,0.0225,13339,20.016
fourteam_fire_prefix,36116,ntdll.dll!__woutput_l+0x78a,ntdll.dll,3,0.0225,13339,20.016
fourteam_fire_prefix,36116,battlezone98redux.exe!sub_45b050,battlezone98redux.exe,3,0.0225,13339,20.016
fourteam_fire_prefix,36116,ntdll.dll!__vsnwprintf+0x3,ntdll.dll,3,0.0225,13339,20.016
fourteam_fire_prefix,36116,battlezone98redux.exe!sub_45c4b0,battlezone98redux.exe,3,0.0225,13339,20.016
fourteam_fire_prefix,36116,OgreMain.dll!?getSide@Plane@Ogre@@QBE?AW4Side@12@ABVVector3@2@0@Z+0x69,OgreMain.dll,3,0.0225,13339,20.016
fourteam_fire_prefix,36116,ntdll.dll!write_string+0x62,ntdll.dll,3,0.0225,13339,20.016
fourteam_fire_prefix,36116,OgreMain.dll!?getWorldViewProjMatrix@AutoParamDataSource@Ogre@@UBEABVMatrix4@2@XZ+0x39c,OgreMain.dll,3,0.0225,13339,20.016
fourteam_fire_prefix,36116,OgreMain.dll!?normalise@Vector3@Ogre@@QAEMXZ+0x33,OgreMain.dll,3,0.0225,13339,20.016
fourteam_fire_prefix,36116,battlezone98redux.exe!sub_6a3490,battlezone98redux.exe,3,0.0225,13339,20.016
fourteam_fire_prefix,36116,OgreMain.dll!?angleBetween@Vector3@Ogre@@QBE?AVRadian@2@ABV12@@Z+0xb3,OgreMain.dll,3,0.0225,13339,20.016
fourteam_fire_prefix,36116,RenderSystem_Direct3D11.dll!?lock@D3D11HardwareUniformBuffer@Ogre@@UAEPAXIIW4LockOptions@HardwareBuffer@2@W4UploadOptions@42@@Z+0x8,RenderSystem_Direct3D11.dll,3,0.0225,13339,20.016
fourteam_fire_prefix,36116,OgreMain.dll!??4GpuSharedParametersUsage@Ogre@@QAEAAV01@ABV01@@Z+0x26f9,OgreMain.dll,3,0.0225,13339,20.016
fourteam_fire_prefix,36116,OgreMain.dll!?_calcTempSquareDist@Light@Ogre@@QAEXABVVector3@2@@Z+0x2c,OgreMain.dll,3,0.0225,13339,20.016
fourteam_fire_prefix,36116,ntdll.dll!_RtlImageDirectoryEntryToData@16+0x1e,ntdll.dll,3,0.0225,13339,20.016
fourteam_fire_prefix,36116,battlezone98redux.exe!sub_5fed30,battlezone98redux.exe,3,0.0225,13339,20.016
fourteam_fire_prefix,36116,ntdll.dll!_RtlpAbFindLockEntry@4+0x25,ntdll.dll,3,0.0225,13339,20.016
fourteam_fire_prefix,36116,d3d11.dll!CreateDirect3D11DeviceFromDXGIDevice+0x9ac5e,d3d11.dll,3,0.0225,13339,20.016
fourteam_fire_prefix,36116,OgreMain.dll!?_writeRawConstant@GpuProgramParameters@Ogre@@QAEXIABVVector4@2@I@Z+0x25,OgreMain.dll,3,0.0225,13339,20.016
fourteam_fire_prefix,36116,OgreMain.dll!?_updateAutoParams@GpuProgramParameters@Ogre@@QAEXPBVAutoParamDataSource@2@G@Z+0x14,OgreMain.dll,3,0.0225,13339,20.016
fourteam_fire_prefix,36116,RenderSystem_Direct3D11.dll!?getConstantBuffer@D3D11HLSLProgram@Ogre@@QAEPAUID3D11Buffer@@V?$SharedPtr@VGpuProgramParameters@Ogre@@@2@G@Z+0x4a,RenderSystem_Direct3D11.dll,3,0.0225,13339,20.016
fourteam_fire_prefix,36116,OgreMain.dll+0x23cea,OgreMain.dll,3,0.0225,13339,20.016
fourteam_fire_prefix,36116,battlezone98redux.exe!sub_6786f0,battlezone98redux.exe,3,0.0225,13339,20.016
fourteam_fire_prefix,36116,ntdll.dll!write_string+0x32,ntdll.dll,3,0.0225,13339,20.016
fourteam_fire_prefix,36116,d3d11.dll!CreateDirect3D11DeviceFromDXGIDevice+0x9d960,d3d11.dll,3,0.0225,13339,20.016
fourteam_fire_prefix,36116,ntdll.dll!_RtlAppendUnicodeStringToString@8+0x9,ntdll.dll,3,0.0225,13339,20.016
fourteam_fire_prefix,36116,KERNELBASE.dll!GetProcAddressForCaller+0x4f,KERNELBASE.dll,3,0.0225,13339,20.016
fourteam_fire_prefix,36116,battlezone98redux.exe!sub_45aae0,battlezone98redux.exe,3,0.0225,13339,20.016
fourteam_fire_prefix,36116,ntdll.dll!RtlNtStatusToDosError+0xb0,ntdll.dll,3,0.0225,13339,20.016
fourteam_fire_prefix,36116,OgreMain.dll!?getShadowsEnabled@Viewport@Ogre@@QBE_NXZ+0x3,OgreMain.dll,3,0.0225,13339,20.016
fourteam_fire_prefix,36116,battlezone98redux.exe!sub_680bd0,battlezone98redux.exe,3,0.0225,13339,20.016
fourteam_fire_prefix,36116,ntdll.dll!__output_l+0x570,ntdll.dll,3,0.0225,13339,20.016
fourteam_fire_prefix,36116,OgreMain.dll!?isInLightRange@Light@Ogre@@QBE_NABVSphere@2@@Z+0x80,OgreMain.dll,3,0.0225,13339,20.016
fourteam_fire_prefix,36116,ntdll.dll!__woutput_l+0x80f,ntdll.dll,3,0.0225,13339,20.016
fourteam_fire_prefix,36116,ntdll.dll!write_char+0x13,ntdll.dll,3,0.0225,13339,20.016
fourteam_fire_prefix,36116,OgreMain.dll!?_issueRenderOp@SceneManager@Ogre@@UAEXPAVRenderable@2@PBVPass@2@@Z+0x11,OgreMain.dll,3,0.0225,13339,20.016
fourteam_fire_prefix,36116,OgreMain.dll!?acceptVisitorGrouped@QueuedRenderableCollection@Ogre@@IBEXPAVQueuedRenderableVisitor@2@@Z+0x65,OgreMain.dll,3,0.0225,13339,20.016
fourteam_fire_prefix,36116,OgreMain.dll!?getViewMatrix@AutoParamDataSource@Ogre@@UBEABVMatrix4@2@XZ+0x7c,OgreMain.dll,3,0.0225,13339,20.016
fourteam_fire_prefix,36116,RenderSystem_Direct3D11.dll!?getConstantBuffer@D3D11HLSLProgram@Ogre@@QAEPAUID3D11Buffer@@V?$SharedPtr@VGpuProgramParameters@Ogre@@@2@G@Z+0x9c,RenderSystem_Direct3D11.dll,3,0.0225,13339,20.016
fourteam_fire_prefix,36116,battlezone98redux.exe!sub_81f1e0,battlezone98redux.exe,3,0.0225,13339,20.016
fourteam_fire_prefix,36116,RenderSystem_Direct3D11.dll!?getConstantBuffer@D3D11HLSLProgram@Ogre@@QAEPAUID3D11Buffer@@V?$SharedPtr@VGpuProgramParameters@Ogre@@@2@G@Z+0x1d1,RenderSystem_Direct3D11.dll,3,0.0225,13339,20.016
fourteam_fire_prefix,36116,OgreMain.dll!?_notifyCurrentCamera@Entity@Ogre@@UAEXPAVCamera@2@@Z+0x111,OgreMain.dll,3,0.0225,13339,20.016
fourteam_fire_prefix,36116,OgreMain.dll!?transformAffine@AxisAlignedBox@Ogre@@QAEXABVMatrix4@2@@Z+0xa,OgreMain.dll,3,0.0225,13339,20.016
fourteam_fire_prefix,36116,ntdll.dll!__aulldvrm+0x8f,ntdll.dll,3,0.0225,13339,20.016
fourteam_fire_prefix,36116,OgreMain.dll!?_calcTempSquareDist@Light@Ogre@@QAEXABVVector3@2@@Z+0x48,OgreMain.dll,3,0.0225,13339,20.016
fourteam_fire_prefix,36116,battlezone98redux.exe!sub_5c19d0,battlezone98redux.exe,3,0.0225,13339,20.016
fourteam_fire_prefix,36116,battlezone98redux.exe!back,battlezone98redux.exe,3,0.0225,13339,20.016
fourteam_fire_prefix,36116,OgreMain.dll!?_calcTempSquareDist@Light@Ogre@@QAEXABVVector3@2@@Z+0x54,OgreMain.dll,3,0.0225,13339,20.016
fourteam_fire_prefix,36116,ntdll.dll!write_string+0x3,ntdll.dll,3,0.0225,13339,20.016
fourteam_fire_prefix,36116,battlezone98redux.exe!sub_62d4b0,battlezone98redux.exe,3,0.0225,13339,20.016
fourteam_fire_prefix,36116,battlezone98redux.exe!sub_4deec0,battlezone98redux.exe,3,0.0225,13339,20.016
fourteam_fire_prefix,36116,ntdll.dll!_RtlCustomCPToUnicodeN@24+0x53,ntdll.dll,3,0.0225,13339,20.016
fourteam_fire_prefix,36116,OgreMain.dll+0x35774,OgreMain.dll,3,0.0225,13339,20.016
fourteam_fire_prefix,36116,battlezone98redux.exe!sub_6116a0,battlezone98redux.exe,3,0.0225,13339,20.016
fourteam_fire_prefix,36116,ntdll.dll!_RtlSetLastWin32Error@4,ntdll.dll,3,0.0225,13339,20.016
fourteam_fire_prefix,36116,battlezone98redux.exe!FID_conflict:end,battlezone98redux.exe,3,0.0225,13339,20.016
fourteam_fire_prefix,36116,RenderSystem_Direct3D11.dll!?getMonitorSequentialNumberFromSwapChain@MonitorInfo@Ogre@@QAEGPAUIDXGISwapChain@@_N@Z+0xdca,RenderSystem_Direct3D11.dll,3,0.0225,13339,20.016
fourteam_fire_prefix,36116,OgreMain.dll!?clone@Animation@Ogre@@QBEPAV12@ABV?$basic_string@DU?$char_traits@D@std@@V?$allocator@D@2@@std@@@Z+0x277,OgreMain.dll,3,0.0225,13339,20.016
fourteam_fire_prefix,36116,RenderSystem_Direct3D11.dll!?getConstantBuffer@D3D11HLSLProgram@Ogre@@QAEPAUID3D11Buffer@@V?$SharedPtr@VGpuProgramParameters@Ogre@@@2@G@Z+0xf0,RenderSystem_Direct3D11.dll,3,0.0225,13339,20.016
fourteam_fire_prefix,36116,OgreMain.dll!?isInLightRange@Light@Ogre@@QBE_NABVSphere@2@@Z+0x130,OgreMain.dll,3,0.0225,13339,20.016
fourteam_fire_prefix,36116,battlezone98redux.exe!sub_449910,battlezone98redux.exe,3,0.0225,13339,20.016
fourteam_fire_prefix,36116,ntdll.dll!_LdrpReportError@12+0x8b,ntdll.dll,3,0.0225,13339,20.016
fourteam_fire_prefix,36116,ntdll.dll!_RtlpFreeNTHeapInternal@12+0x206,ntdll.dll,3,0.0225,13339,20.016
fourteam_fire_prefix,36116,win32u.dll!_NtGdiDdDDIGetDeviceState@4+0xc,win32u.dll,3,0.0225,13339,20.016
fourteam_fire_prefix,36116,ntdll.dll!_RtlAppendUnicodeStringToString@8+0x47,ntdll.dll,3,0.0225,13339,20.016
fourteam_fire_prefix,36116,OgreMain.dll!??4GpuSharedParametersUsage@Ogre@@QAEAAV01@ABV01@@Z+0x2721,OgreMain.dll,3,0.0225,13339,20.016
fourteam_fire_prefix,36116,ntdll.dll!_memset+0x1c,ntdll.dll,3,0.0225,13339,20.016
fourteam_fire_prefix,36116,OgreMain.dll!?_getRenderOperation@SubMesh@Ogre@@QAEXAAVRenderOperation@2@G@Z+0x37,OgreMain.dll,3,0.0225,13339,20.016
fourteam_fire_prefix,36116,ntdll.dll!__woutput_l+0x48c,ntdll.dll,3,0.0225,13339,20.016
fourteam_fire_prefix,36116,OgreMain.dll!?getWorldViewMatrix@AutoParamDataSource@Ogre@@UBEABVMatrix4@2@XZ+0x206,OgreMain.dll,3,0.0225,13339,20.016
fourteam_fire_prefix,36116,d3d11.dll!CreateDirect3D11DeviceFromDXGIDevice+0x9f8a0,d3d11.dll,3,0.0225,13339,20.016
fourteam_fire_prefix,36116,MSVCR120.dll!floor+0x9c,MSVCR120.dll,3,0.0225,13339,20.016
fourteam_fire_prefix,36116,ntdll.dll!_ZwOpenFile@24+0xc,ntdll.dll,3,0.0225,13339,20.016
fourteam_fire_prefix,36116,RenderSystem_Direct3D11.dll!?_render@D3D11RenderSystem@Ogre@@UAEXABVRenderOperation@2@@Z+0xe9,RenderSystem_Direct3D11.dll,3,0.0225,13339,20.016
fourteam_fire_prefix,36116,OgreMain.dll!??4GpuSharedParametersUsage@Ogre@@QAEAAV01@ABV01@@Z+0x2744,OgreMain.dll,3,0.0225,13339,20.016
fourteam_fire_prefix,36116,OgreMain.dll!?createTechnique@Material@Ogre@@QAEPAVTechnique@2@XZ+0xa37,OgreMain.dll,3,0.0225,13339,20.016
fourteam_fire_prefix,36116,MSVCR120.dll!__libm_sse2_acosf+0x10,MSVCR120.dll,3,0.0225,13339,20.016
fourteam_fire_prefix,36116,ntdll.dll!_LdrpGenerateSnapsUnicodeStrings@28+0x1bc,ntdll.dll,3,0.0225,13339,20.016
fourteam_fire_prefix,36116,OgreMain.dll!?getWorldBoundingBox@Entity@Ogre@@UBEABVAxisAlignedBox@2@_N@Z+0x19,OgreMain.dll,3,0.0225,13339,20.016
fourteam_fire_prefix,36116,OgreMain.dll!?_notifyCurrentCamera@Entity@Ogre@@UAEXPAVCamera@2@@Z+0x107,OgreMain.dll,3,0.0225,13339,20.016
fourteam_fire_prefix,36116,d3d11.dll!CreateDirect3D11DeviceFromDXGIDevice+0xa4626,d3d11.dll,3,0.0225,13339,20.016
fourteam_fire_prefix,36116,d3d11.dll!CreateDirect3D11DeviceFromDXGIDevice+0x603ff,d3d11.dll,3,0.0225,13339,20.016
fourteam_fire_prefix,36116,OgreMain.dll!?findLightsAffectingFrustum@SceneManager@Ogre@@MAEXPBVCamera@2@@Z+0xd4,OgreMain.dll,3,0.0225,13339,20.016
fourteam_fire_prefix,36116,ntdll.dll!RtlStringCchPrintfExW+0x68,ntdll.dll,3,0.0225,13339,20.016
fourteam_fire_prefix,36116,ntdll.dll!_RtlInitUnicodeString@8+0x1b,ntdll.dll,3,0.0225,13339,20.016
fourteam_fire_prefix,36116,MSVCR120.dll!__libm_sse2_asinf+0x1f0,MSVCR120.dll,3,0.0225,13339,20.016
fourteam_fire_prefix,36116,battlezone98redux.exe!sub_6809f0,battlezone98redux.exe,3,0.0225,13339,20.016
fourteam_fire_prefix,36116,ntdll.dll!__output_l+0x726,ntdll.dll,3,0.0225,13339,20.016
fourteam_fire_prefix,36116,OgreMain.dll!?useLightsGpuProgram@SceneManager@Ogre@@MAEXPBVPass@2@PBV?$HashedVector@PAVLight@Ogre@@@2@@Z+0x8,OgreMain.dll,3,0.0225,13339,20.016
fourteam_fire_prefix,36116,RenderSystem_Direct3D11.dll!?getMonitorSequentialNumberFromSwapChain@MonitorInfo@Ogre@@QAEGPAUIDXGISwapChain@@_N@Z+0x2ab9,RenderSystem_Direct3D11.dll,3,0.0225,13339,20.016
fourteam_fire_prefix,36116,ntdll.dll!_LdrpWriteToSnapsBuffer@16+0xc9,ntdll.dll,3,0.0225,13339,20.016
fourteam_fire_prefix,36116,ntdll.dll!LdrpNameToOrdinal+0x33,ntdll.dll,3,0.0225,13339,20.016
fourteam_fire_prefix,36116,ntdll.dll!_RtlAnsiCharToUnicodeChar@4+0x5,ntdll.dll,3,0.0225,13339,20.016
fourteam_fire_prefix,36116,OgreMain.dll!?ASin@Math@Ogre@@SA?AVRadian@2@M@Z+0xf,OgreMain.dll,3,0.0225,13339,20.016
fourteam_fire_prefix,36116,win32u.dll!_NtNotifyPresentToCompositionSurface@8+0xc,win32u.dll,3,0.0225,13339,20.016
fourteam_fire_prefix,36116,battlezone98redux.exe!sub_68c560,battlezone98redux.exe,3,0.0225,13339,20.016
fourteam_fire_prefix,36116,ntdll.dll!__aulldvrm+0x8b,ntdll.dll,3,0.0225,13339,20.016
fourteam_fire_prefix,36116,ucrtbase.dll!__fdclass+0x13,ucrtbase.dll,3,0.0225,13339,20.016
fourteam_fire_prefix,36116,OgreMain.dll+0x33460,OgreMain.dll,3,0.0225,13339,20.016
fourteam_fire_prefix,36116,ntdll.dll!_RtlAbPreAcquire@8+0x3,ntdll.dll,3,0.0225,13339,20.016
fourteam_fire_prefix,36116,battlezone98redux.exe!allocator<char>,battlezone98redux.exe,3,0.0225,13339,20.016
fourteam_fire_prefix,36116,ntdll.dll!_RtlInitAnsiString@8+0x5,ntdll.dll,3,0.0225,13339,20.016
fourteam_fire_prefix,36116,ntdll.dll!_memmove+0x8,ntdll.dll,3,0.0225,13339,20.016
fourteam_fire_prefix,36116,OgreMain.dll!?isVisible@ShadowRenderable@Ogre@@UBE_NXZ+0x161,OgreMain.dll,3,0.0225,13339,20.016
fourteam_fire_prefix,36116,OgreMain.dll!??4GpuSharedParametersUsage@Ogre@@QAEAAV01@ABV01@@Z+0x26fa,OgreMain.dll,3,0.0225,13339,20.016
fourteam_fire_prefix,36116,ntdll.dll!write_char+0x5,ntdll.dll,3,0.0225,13339,20.016
fourteam_fire_prefix,36116,MSVCR120.dll!__libm_sse2_acosf+0x3a,MSVCR120.dll,3,0.0225,13339,20.016
fourteam_fire_prefix,36116,battlezone98redux.exe!sub_420f10,battlezone98redux.exe,3,0.0225,13339,20.016
fourteam_fire_prefix,36116,OgreMain.dll!?getSide@Plane@Ogre@@QBE?AW4Side@12@ABVVector3@2@0@Z+0x4b,OgreMain.dll,3,0.0225,13339,20.016
fourteam_fire_prefix,36116,d3d11.dll!CreateDirect3D11DeviceFromDXGIDevice+0xa45e0,d3d11.dll,3,0.0225,13339,20.016
fourteam_fire_prefix,36116,OgreMain.dll!?_updateAutoParams@Pass@Ogre@@QBEXPBVAutoParamDataSource@2@G@Z+0x6a,OgreMain.dll,3,0.0225,13339,20.016
fourteam_fire_prefix,36116,ntdll.dll!__woutput_l+0x141,ntdll.dll,3,0.0225,13339,20.016
fourteam_fire_prefix,36116,ntdll.dll!__woutput_l+0x47,ntdll.dll,3,0.0225,13339,20.016
fourteam_fire_prefix,36116,OgreMain.dll!?getViewMatrix@Frustum@Ogre@@UBEABVMatrix4@2@XZ+0x1,OgreMain.dll,3,0.0225,13339,20.016
fourteam_fire_prefix,36116,OgreMain.dll!?ASin@Math@Ogre@@SA?AVRadian@2@M@Z+0x1c,OgreMain.dll,3,0.0225,13339,20.016
fourteam_fire_prefix,36116,OgreMain.dll!?isInLightRange@Light@Ogre@@QBE_NABVSphere@2@@Z+0x159,OgreMain.dll,3,0.0225,13339,20.016
fourteam_fire_prefix,36116,OgreMain.dll!?_findVisibleObjects@SceneNode@Ogre@@UAEXPAVCamera@2@PAVRenderQueue@2@PAUVisibleObjectsBoundsInfo@2@_N33@Z+0x53,OgreMain.dll,3,0.0225,13339,20.016
fourteam_fire_prefix,36116,OgreMain.dll!?_updateBounds@SceneNode@Ogre@@UAEXXZ+0x235,OgreMain.dll,3,0.0225,13339,20.016
fourteam_fire_prefix,36116,OgreMain.dll!?_setPass@SceneManager@Ogre@@UAEPBVPass@2@PBV32@_N1@Z+0x31f,OgreMain.dll,3,0.0225,13339,20.016
fourteam_fire_prefix,36116,OgreMain.dll!?touchVertexBufferCopy@HardwareBufferManagerBase@Ogre@@UAEXABVHardwareVertexBufferSharedPtr@2@@Z+0x7e,OgreMain.dll,3,0.0225,13339,20.016
fourteam_fire_prefix,36116,ntdll.dll!write_multi_char+0x5,ntdll.dll,3,0.0225,13339,20.016
fourteam_fire_prefix,36116,ntdll.dll!_LdrpGenerateSnapsUnicodeStrings@28+0x144,ntdll.dll,3,0.0225,13339,20.016
fourteam_fire_prefix,36116,MSVCR120.dll!__libm_sse2_acosf+0x169,MSVCR120.dll,3,0.0225,13339,20.016
fourteam_fire_prefix,36116,OgreMain.dll!?getConstantDefinition@GpuProgramParameters@Ogre@@QBEABUGpuConstantDefinition@2@ABV?$basic_string@DU?$char_traits@D@std@@V?$allocator@D@2@@std@@@Z+0xcf,OgreMain.dll,3,0.0225,13339,20.016
fourteam_fire_prefix,36116,OgreMain.dll!?createTechnique@Material@Ogre@@QAEPAVTechnique@2@XZ+0xaff,OgreMain.dll,3,0.0225,13339,20.016
fourteam_fire_prefix,36116,ntdll.dll!__woutput_l+0xaa,ntdll.dll,3,0.0225,13339,20.016
fourteam_fire_prefix,36116,MSVCR120.dll!memcpy+0x1,MSVCR120.dll,3,0.0225,13339,20.016
fourteam_fire_prefix,36116,ntdll.dll!_LdrpWriteToSnapsBuffer@16+0x64,ntdll.dll,3,0.0225,13339,20.016
fourteam_fire_prefix,36116,battlezone98redux.exe!sub_4b6db0,battlezone98redux.exe,3,0.0225,13339,20.016
fourteam_fire_prefix,36116,RenderSystem_Direct3D11.dll!?getILayoutByShader@D3D11VertexDeclaration@Ogre@@IAEPAUID3D11InputLayout@@PAVD3D11HLSLProgram@2@PAVVertexBufferBinding@2@@Z+0x47,RenderSystem_Direct3D11.dll,3,0.0225,13339,20.016
fourteam_fire_prefix,36116,ntdll.dll!_RtlLeaveCriticalSection@4+0xe,ntdll.dll,3,0.0225,13339,20.016
fourteam_fire_prefix,36116,nvwgf2um.dll!OpenAdapter10+0x72b2e,nvwgf2um.dll,3,0.0225,13339,20.016
fourteam_fire_prefix,36116,ntdll.dll!__woutput_l+0x73a,ntdll.dll,3,0.0225,13339,20.016
fourteam_fire_prefix,36116,battlezone98redux.exe!sub_6ce840,battlezone98redux.exe,3,0.0225,13339,20.016
fourteam_fire_prefix,36116,ntdll.dll!_LdrpAddUnicodeStringToSnapsBuffer@4+0x2a,ntdll.dll,3,0.0225,13339,20.016
fourteam_fire_prefix,36116,ntdll.dll!__output_l+0x87d,ntdll.dll,3,0.0225,13339,20.016
fourteam_fire_prefix,36116,battlezone98redux.exe!sub_4221b0,battlezone98redux.exe,3,0.0225,13339,20.016
fourteam_fire_prefix,36116,ntdll.dll!_RtlpGetCodePageData@4+0x2b,ntdll.dll,3,0.0225,13339,20.016
fourteam_fire_prefix,36116,MSVCR120.dll!__libm_sse2_acosf+0x1ea,MSVCR120.dll,3,0.0225,13339,20.016
fourteam_fire_prefix,36116,OgreMain.dll!?addRenderable@RenderPriorityGroup@Ogre@@QAEXPAVRenderable@2@PAVTechnique@2@@Z+0x13,OgreMain.dll,3,0.0225,13339,20.016
fourteam_fire_prefix,36116,ntdll.dll!__fputwc_nolock+0x3,ntdll.dll,3,0.0225,13339,20.016
fourteam_fire_prefix,36116,battlezone98redux.exe!sub_4245c0,battlezone98redux.exe,3,0.0225,13339,20.016
