label,relpath,format,header,width,height,mips
BZR_STOCK,BZ_ASSETS\pc\textures\DIFF\Chrome.dds,BC1_UNORM(DXT1),FourCC,256,256,9
BZR_STOCK,BZ_ASSETS\pc\textures\DIFF\SBCOMM_d.dds,BC1_UNORM(DXT1),FourCC,2048,1024,9
BZR_STOCK,BZ_ASSETS\pc\textures\DIFF\abbarr_d.dds,BC1_UNORM(DXT1),FourCC,1024,1024,11
BZR_STOCK,BZ_ASSETS\pc\textures\DIFF\abcafe_d.dds,BC1_UNORM(DXT1),FourCC,1024,1024,11
BZR_STOCK,BZ_ASSETS\pc\textures\DIFF\abcomm_d.dds,BC1_UNORM(DXT1),FourCC,1024,1024,11
BZR_STOCK,BZ_ASSETS\pc\textures\DIFF\abhang_d.dds,BC1_UNORM(DXT1),FourCC,1024,1024,11
BZR_STOCK,BZ_ASSETS\pc\textures\DIFF\abhqcp_d.dds,BC1_UNORM(DXT1),FourCC,2048,1024,9
BZR_STOCK,BZ_ASSETS\pc\textures\DIFF\ablpad_d.dds,BC1_UNORM(DXT1),FourCC,2048,1024,9
BZR_STOCK,BZ_ASSETS\pc\textures\DIFF\ablpow_d.dds,BC1_UNORM(DXT1),FourCC,2048,1024,9
BZR_STOCK,BZ_ASSETS\pc\textures\DIFF\abmbld_d.dds,BC1_UNORM(DXT1),FourCC,1024,1024,11
BZR_STOCK,BZ_ASSETS\pc\textures\DIFF\abshld_d.dds,BC1_UNORM(DXT1),FourCC,1024,1024,11
BZR_STOCK,BZ_ASSETS\pc\textures\DIFF\absilo_d.dds,BC1_UNORM(DXT1),FourCC,2048,1024,9
BZR_STOCK,BZ_ASSETS\pc\textures\DIFF\abspow_d.dds,BC1_UNORM(DXT1),FourCC,2048,1024,9
BZR_STOCK,BZ_ASSETS\pc\textures\DIFF\abstor_d.dds,BC1_UNORM(DXT1),FourCC,512,512,10
BZR_STOCK,BZ_ASSETS\pc\textures\DIFF\absupp_d.dds,BC1_UNORM(DXT1),FourCC,1024,1024,11
BZR_STOCK,BZ_ASSETS\pc\textures\DIFF\abtowe02_d.dds,BC1_UNORM(DXT1),FourCC,1024,1024,11
BZR_STOCK,BZ_ASSETS\pc\textures\DIFF\abtowe03_d.dds,BC1_UNORM(DXT1),FourCC,1024,1024,11
BZR_STOCK,BZ_ASSETS\pc\textures\DIFF\abtowe2_d.dds,BC1_UNORM(DXT1),FourCC,1024,1024,11
BZR_STOCK,BZ_ASSETS\pc\textures\DIFF\abtowe_d.dds,BC1_UNORM(DXT1),FourCC,1024,1024,11
BZR_STOCK,BZ_ASSETS\pc\textures\DIFF\abwpow_d.dds,BC1_UNORM(DXT1),FourCC,1024,1024,11
BZR_STOCK,BZ_ASSETS\pc\textures\DIFF\aspilo_D.dds,BC1_UNORM(DXT1),FourCC,1024,1024,11
BZR_STOCK,BZ_ASSETS\pc\textures\DIFF\aspilo_cockpit_D.dds,BC1_UNORM(DXT1),FourCC,256,256,9
BZR_STOCK,BZ_ASSETS\pc\textures\DIFF\aspilo_gun_d.dds,BC1_UNORM(DXT1),FourCC,2048,2048,12
BZR_STOCK,BZ_ASSETS\pc\textures\DIFF\avapc_D.dds,BC1_UNORM(DXT1),FourCC,1024,1024,11
BZR_STOCK,BZ_ASSETS\pc\textures\DIFF\avapc_cockpit_D.dds,BC1_UNORM(DXT1),FourCC,2048,2048,12
BZR_STOCK,BZ_ASSETS\pc\textures\DIFF\avartl_D.dds,BC1_UNORM(DXT1),FourCC,1024,1024,11
BZR_STOCK,BZ_ASSETS\pc\textures\DIFF\avcnst_D.dds,BC1_UNORM(DXT1),FourCC,1024,1024,11
BZR_STOCK,BZ_ASSETS\pc\textures\DIFF\avfigh_D.dds,BC1_UNORM(DXT1),FourCC,512,512,10
BZR_STOCK,BZ_ASSETS\pc\textures\DIFF\avhaul_D.dds,BC1_UNORM(DXT1),FourCC,1024,1024,11
BZR_STOCK,BZ_ASSETS\pc\textures\DIFF\avheadlight00_d.dds,BC1_UNORM(DXT1),FourCC,512,512,10
BZR_STOCK,BZ_ASSETS\pc\textures\DIFF\avhraz_D.dds,BC1_UNORM(DXT1),FourCC,1024,1024,11
BZR_STOCK,BZ_ASSETS\pc\textures\DIFF\avland_D.dds,BC1_UNORM(DXT1),FourCC,1024,1024,11
BZR_STOCK,BZ_ASSETS\pc\textures\DIFF\avltnk_d.dds,BC1_UNORM(DXT1),FourCC,1024,1024,11
BZR_STOCK,BZ_ASSETS\pc\textures\DIFF\avmine_D.dds,BC1_UNORM(DXT1),FourCC,1024,1024,11
BZR_STOCK,BZ_ASSETS\pc\textures\DIFF\avmuf_D.dds,BC1_UNORM(DXT1),FourCC,1024,1024,11
BZR_STOCK,BZ_ASSETS\pc\textures\DIFF\avrckt_D.dds,BC1_UNORM(DXT1),FourCC,1024,1024,11
BZR_STOCK,BZ_ASSETS\pc\textures\DIFF\avrecy_D.dds,BC1_UNORM(DXT1),FourCC,1024,1024,11
BZR_STOCK,BZ_ASSETS\pc\textures\DIFF\avscav_D.dds,BC1_UNORM(DXT1),FourCC,1024,1024,11
BZR_STOCK,BZ_ASSETS\pc\textures\DIFF\avscav_cockpit_D.dds,BC1_UNORM(DXT1),FourCC,1024,1024,11
BZR_STOCK,BZ_ASSETS\pc\textures\DIFF\avslf_D.dds,BC1_UNORM(DXT1),FourCC,1024,1024,11
BZR_STOCK,BZ_ASSETS\pc\textures\DIFF\avtank_D.dds,BC1_UNORM(DXT1),FourCC,1024,1024,11
BZR_STOCK,BZ_ASSETS\pc\textures\DIFF\avtest_D.dds,BC1_UNORM(DXT1),FourCC,1024,1024,11
BZR_STOCK,BZ_ASSETS\pc\textures\DIFF\avturr_D.dds,BC1_UNORM(DXT1),FourCC,1024,1024,11
BZR_STOCK,BZ_ASSETS\pc\textures\DIFF\avwalk_D.dds,BC1_UNORM(DXT1),FourCC,1024,1024,11
BZR_STOCK,BZ_ASSETS\pc\textures\DIFF\bbbarr_d.dds,BC1_UNORM(DXT1),FourCC,2048,2048,12
BZR_STOCK,BZ_ASSETS\pc\textures\DIFF\bbcom2_d.dds,BC1_UNORM(DXT1),FourCC,1024,1024,11
BZR_STOCK,BZ_ASSETS\pc\textures\DIFF\bbcomm_d.dds,BC1_UNORM(DXT1),FourCC,2048,2048,12
BZR_STOCK,BZ_ASSETS\pc\textures\DIFF\bbhqcp_d.dds,BC1_UNORM(DXT1),FourCC,1024,512,8
BZR_STOCK,BZ_ASSETS\pc\textures\DIFF\bbsilo_d.dds,BC1_UNORM(DXT1),FourCC,4096,2048,10
BZR_STOCK,BZ_ASSETS\pc\textures\DIFF\bbtowe_d.dds,BC1_UNORM(DXT1),FourCC,2048,2048,12
BZR_STOCK,BZ_ASSETS\pc\textures\DIFF\black.dds,BC1_UNORM(DXT1),FourCC,4,4,3
BZR_STOCK,BZ_ASSETS\pc\textures\DIFF\bvapc_D.dds,BC1_UNORM(DXT1),FourCC,1024,1024,11
BZR_STOCK,BZ_ASSETS\pc\textures\DIFF\bvartl_D.dds,BC1_UNORM(DXT1),FourCC,1024,1024,11
BZR_STOCK,BZ_ASSETS\pc\textures\DIFF\bvhaul_D.dds,BC1_UNORM(DXT1),FourCC,1024,1024,11
BZR_STOCK,BZ_ASSETS\pc\textures\DIFF\bvhraz_D.dds,BC1_UNORM(DXT1),FourCC,1024,1024,11
BZR_STOCK,BZ_ASSETS\pc\textures\DIFF\bvltnk_D.dds,BC1_UNORM(DXT1),FourCC,1024,1024,11
BZR_STOCK,BZ_ASSETS\pc\textures\DIFF\bvmine_D.dds,BC1_UNORM(DXT1),FourCC,1024,1024,11
BZR_STOCK,BZ_ASSETS\pc\textures\DIFF\bvmuf_D.dds,BC1_UNORM(DXT1),FourCC,1024,1024,11
BZR_STOCK,BZ_ASSETS\pc\textures\DIFF\bvraz_D.dds,BC1_UNORM(DXT1),FourCC,1024,1024,11
BZR_STOCK,BZ_ASSETS\pc\textures\DIFF\bvrckt_D.dds,BC1_UNORM(DXT1),FourCC,1024,1024,11
BZR_STOCK,BZ_ASSETS\pc\textures\DIFF\bvrecy_D.dds,BC1_UNORM(DXT1),FourCC,1024,1024,11
BZR_STOCK,BZ_ASSETS\pc\textures\DIFF\bvscav_D.dds,BC1_UNORM(DXT1),FourCC,1024,1024,11
BZR_STOCK,BZ_ASSETS\pc\textures\DIFF\bvslf_D.dds,BC1_UNORM(DXT1),FourCC,1024,1024,11
BZR_STOCK,BZ_ASSETS\pc\textures\DIFF\bvtank_D.dds,BC1_UNORM(DXT1),FourCC,1024,1024,11
BZR_STOCK,BZ_ASSETS\pc\textures\DIFF\bvturr_D.dds,BC1_UNORM(DXT1),FourCC,1024,1024,11
BZR_STOCK,BZ_ASSETS\pc\textures\DIFF\bvwalk_D.dds,BC1_UNORM(DXT1),FourCC,1024,1024,11
BZR_STOCK,BZ_ASSETS\pc\textures\DIFF\flat_n.dds,BC1_UNORM(DXT1),FourCC,4,4,3
BZR_STOCK,BZ_ASSETS\pc\textures\DIFF\sbbarr_d.dds,BC1_UNORM(DXT1),FourCC,1024,1024,11
BZR_STOCK,BZ_ASSETS\pc\textures\DIFF\sbcafe_d.dds,BC1_UNORM(DXT1),FourCC,2048,2048,12
BZR_STOCK,BZ_ASSETS\pc\textures\DIFF\sbhang_d.dds,BC1_UNORM(DXT1),FourCC,1024,1024,11
BZR_STOCK,BZ_ASSETS\pc\textures\DIFF\sbhqcp_d.dds,BC1_UNORM(DXT1),FourCC,1024,1024,11
BZR_STOCK,BZ_ASSETS\pc\textures\DIFF\sblpad_d.dds,BC1_UNORM(DXT1),FourCC,2048,1024,9
BZR_STOCK,BZ_ASSETS\pc\textures\DIFF\sblpow_d.dds,BC1_UNORM(DXT1),FourCC,2048,1024,9
BZR_STOCK,BZ_ASSETS\pc\textures\DIFF\sbmbld_d.dds,BC1_UNORM(DXT1),FourCC,1024,1024,11
BZR_STOCK,BZ_ASSETS\pc\textures\DIFF\sbshld_d.dds,BC1_UNORM(DXT1),FourCC,1024,1024,11
BZR_STOCK,BZ_ASSETS\pc\textures\DIFF\sbsilo_d.dds,BC1_UNORM(DXT1),FourCC,2048,1024,9
BZR_STOCK,BZ_ASSETS\pc\textures\DIFF\sbspow_d.dds,BC1_UNORM(DXT1),FourCC,1024,1024,11
BZR_STOCK,BZ_ASSETS\pc\textures\DIFF\sbsupp_d.dds,BC1_UNORM(DXT1),FourCC,1024,1024,11
BZR_STOCK,BZ_ASSETS\pc\textures\DIFF\sbtowe_d.dds,BC1_UNORM(DXT1),FourCC,1024,1024,11
BZR_STOCK,BZ_ASSETS\pc\textures\DIFF\sbwpow_d.dds,BC1_UNORM(DXT1),FourCC,2048,2048,12
BZR_STOCK,BZ_ASSETS\pc\textures\DIFF\soviet_units_cockpit_D.dds,BC1_UNORM(DXT1),FourCC,1024,1024,11
BZR_STOCK,BZ_ASSETS\pc\textures\DIFF\sspilo_D.dds,BC1_UNORM(DXT1),FourCC,2048,2048,12
BZR_STOCK,BZ_ASSETS\pc\textures\DIFF\sspilo_cockpit_D.dds,BC1_UNORM(DXT1),FourCC,2048,2048,12
BZR_STOCK,BZ_ASSETS\pc\textures\DIFF\svapc_D.dds,BC1_UNORM(DXT1),FourCC,1024,1024,11
BZR_STOCK,BZ_ASSETS\pc\textures\DIFF\svartl_D.dds,BC1_UNORM(DXT1),FourCC,1024,1024,11
BZR_STOCK,BZ_ASSETS\pc\textures\DIFF\svcnst_D.dds,BC1_UNORM(DXT1),FourCC,1024,1024,11
BZR_STOCK,BZ_ASSETS\pc\textures\DIFF\svfigh_D.dds,BC1_UNORM(DXT1),FourCC,1024,1024,11
BZR_STOCK,BZ_ASSETS\pc\textures\DIFF\svhaul_D.dds,BC1_UNORM(DXT1),FourCC,1024,1024,11
BZR_STOCK,BZ_ASSETS\pc\textures\DIFF\svheadlight00_d.dds,BC1_UNORM(DXT1),FourCC,512,512,10
BZR_STOCK,BZ_ASSETS\pc\textures\DIFF\svhraz_D.dds,BC1_UNORM(DXT1),FourCC,1024,1024,11
BZR_STOCK,BZ_ASSETS\pc\textures\DIFF\svltnk_D.dds,BC1_UNORM(DXT1),FourCC,1024,1024,11
BZR_STOCK,BZ_ASSETS\pc\textures\DIFF\svmine_D.dds,BC1_UNORM(DXT1),FourCC,1024,1024,11
BZR_STOCK,BZ_ASSETS\pc\textures\DIFF\svmuf_D.dds,BC1_UNORM(DXT1),FourCC,1024,1024,11
BZR_STOCK,BZ_ASSETS\pc\textures\DIFF\svrckt_D.dds,BC1_UNORM(DXT1),FourCC,1024,1024,11
BZR_STOCK,BZ_ASSETS\pc\textures\DIFF\svrecy_D.dds,BC1_UNORM(DXT1),FourCC,1024,1024,11
BZR_STOCK,BZ_ASSETS\pc\textures\DIFF\svsav_D.dds,BC1_UNORM(DXT1),FourCC,1024,1024,11
BZR_STOCK,BZ_ASSETS\pc\textures\DIFF\svscav_D.dds,BC1_UNORM(DXT1),FourCC,1024,1024,11
BZR_STOCK,BZ_ASSETS\pc\textures\DIFF\svslf_D.dds,BC1_UNORM(DXT1),FourCC,1024,1024,11
BZR_STOCK,BZ_ASSETS\pc\textures\DIFF\svtank_D.dds,BC1_UNORM(DXT1),FourCC,1024,1024,11
BZR_STOCK,BZ_ASSETS\pc\textures\DIFF\svturr_D.dds,BC1_UNORM(DXT1),FourCC,1024,1024,11
BZR_STOCK,BZ_ASSETS\pc\textures\DIFF\svwalk_D.dds,BC1_UNORM(DXT1),FourCC,1024,1024,11
BZR_STOCK,BZ_ASSETS\pc\textures\EMIS\Chrome_e.dds,BC1_UNORM(DXT1),FourCC,512,512,10
BZR_STOCK,BZ_ASSETS\pc\textures\EMIS\SBCOMM_e.dds,BC1_UNORM(DXT1),FourCC,512,512,10
BZR_STOCK,BZ_ASSETS\pc\textures\EMIS\abbarr_e.dds,BC1_UNORM(DXT1),FourCC,512,512,10
BZR_STOCK,BZ_ASSETS\pc\textures\EMIS\abcafe_e.dds,BC1_UNORM(DXT1),FourCC,512,512,10
BZR_STOCK,BZ_ASSETS\pc\textures\EMIS\abcomm_e.dds,BC1_UNORM(DXT1),FourCC,512,512,10
BZR_STOCK,BZ_ASSETS\pc\textures\EMIS\abhang_e.dds,BC1_UNORM(DXT1),FourCC,512,512,10
BZR_STOCK,BZ_ASSETS\pc\textures\EMIS\abhqcp_e.dds,BC1_UNORM(DXT1),FourCC,512,512,10
BZR_STOCK,BZ_ASSETS\pc\textures\EMIS\ablpad_e.dds,BC1_UNORM(DXT1),FourCC,512,512,10
BZR_STOCK,BZ_ASSETS\pc\textures\EMIS\ablpow_e.dds,BC1_UNORM(DXT1),FourCC,512,512,10
BZR_STOCK,BZ_ASSETS\pc\textures\EMIS\abmbld_e.dds,BC1_UNORM(DXT1),FourCC,512,512,10
BZR_STOCK,BZ_ASSETS\pc\textures\EMIS\abshld_e.dds,BC1_UNORM(DXT1),FourCC,512,512,10
BZR_STOCK,BZ_ASSETS\pc\textures\EMIS\absilo_e.dds,BC1_UNORM(DXT1),FourCC,512,512,10
BZR_STOCK,BZ_ASSETS\pc\textures\EMIS\abspow_e.dds,BC1_UNORM(DXT1),FourCC,512,512,10
BZR_STOCK,BZ_ASSETS\pc\textures\EMIS\abstor_e.dds,BC1_UNORM(DXT1),FourCC,512,512,10
BZR_STOCK,BZ_ASSETS\pc\textures\EMIS\absupp_e.dds,BC1_UNORM(DXT1),FourCC,512,512,10
BZR_STOCK,BZ_ASSETS\pc\textures\EMIS\abtowe02_e.dds,BC1_UNORM(DXT1),FourCC,512,512,10
BZR_STOCK,BZ_ASSETS\pc\textures\EMIS\abtowe03_e.dds,BC1_UNORM(DXT1),FourCC,512,512,10
BZR_STOCK,BZ_ASSETS\pc\textures\EMIS\abtowe2_e.dds,BC1_UNORM(DXT1),FourCC,512,512,10
BZR_STOCK,BZ_ASSETS\pc\textures\EMIS\abtowe_e.dds,BC1_UNORM(DXT1),FourCC,512,512,10
BZR_STOCK,BZ_ASSETS\pc\textures\EMIS\abwpow_e.dds,BC1_UNORM(DXT1),FourCC,512,512,10
BZR_STOCK,BZ_ASSETS\pc\textures\EMIS\aspilo_E.dds,BC1_UNORM(DXT1),FourCC,512,512,10
BZR_STOCK,BZ_ASSETS\pc\textures\EMIS\aspilo_cockpit_E.dds,BC1_UNORM(DXT1),FourCC,512,512,10
BZR_STOCK,BZ_ASSETS\pc\textures\EMIS\aspilo_gun_e.dds,BC1_UNORM(DXT1),FourCC,2048,2048,12
BZR_STOCK,BZ_ASSETS\pc\textures\EMIS\avapc_E.dds,BC1_UNORM(DXT1),FourCC,512,512,10
BZR_STOCK,BZ_ASSETS\pc\textures\EMIS\avapc_cockpit_E.dds,BC1_UNORM(DXT1),FourCC,512,512,10
BZR_STOCK,BZ_ASSETS\pc\textures\EMIS\avartl_E.dds,BC1_UNORM(DXT1),FourCC,512,512,10
BZR_STOCK,BZ_ASSETS\pc\textures\EMIS\avcnst_E.dds,BC1_UNORM(DXT1),FourCC,512,512,10
BZR_STOCK,BZ_ASSETS\pc\textures\EMIS\avfigh_E.dds,BC1_UNORM(DXT1),FourCC,512,512,10
BZR_STOCK,BZ_ASSETS\pc\textures\EMIS\avhaul_E.dds,BC1_UNORM(DXT1),FourCC,512,512,10
BZR_STOCK,BZ_ASSETS\pc\textures\EMIS\avheadlight00_e.dds,BC1_UNORM(DXT1),FourCC,512,512,10
BZR_STOCK,BZ_ASSETS\pc\textures\EMIS\avhraz_E.dds,BC1_UNORM(DXT1),FourCC,512,512,10
BZR_STOCK,BZ_ASSETS\pc\textures\EMIS\avland_E.dds,BC1_UNORM(DXT1),FourCC,512,512,10
BZR_STOCK,BZ_ASSETS\pc\textures\EMIS\avltnk_E.dds,BC1_UNORM(DXT1),FourCC,512,512,10
BZR_STOCK,BZ_ASSETS\pc\textures\EMIS\avmine_E.dds,BC1_UNORM(DXT1),FourCC,512,512,10
BZR_STOCK,BZ_ASSETS\pc\textures\EMIS\avmuf_E.dds,BC1_UNORM(DXT1),FourCC,512,512,10
BZR_STOCK,BZ_ASSETS\pc\textures\EMIS\avrckt_E.dds,BC1_UNORM(DXT1),FourCC,512,512,10
BZR_STOCK,BZ_ASSETS\pc\textures\EMIS\avrecy_E.dds,BC1_UNORM(DXT1),FourCC,512,512,10
BZR_STOCK,BZ_ASSETS\pc\textures\EMIS\avscav_E.dds,BC1_UNORM(DXT1),FourCC,512,512,10
BZR_STOCK,BZ_ASSETS\pc\textures\EMIS\avscav_cockpit_E.dds,BC1_UNORM(DXT1),FourCC,512,512,10
BZR_STOCK,BZ_ASSETS\pc\textures\EMIS\avslf_E.dds,BC1_UNORM(DXT1),FourCC,512,512,10
BZR_STOCK,BZ_ASSETS\pc\textures\EMIS\avtank_E.dds,BC1_UNORM(DXT1),FourCC,512,512,10
BZR_STOCK,BZ_ASSETS\pc\textures\EMIS\avturr_E.dds,BC1_UNORM(DXT1),FourCC,512,512,10
BZR_STOCK,BZ_ASSETS\pc\textures\EMIS\avwalk_E.dds,BC1_UNORM(DXT1),FourCC,512,512,10
BZR_STOCK,BZ_ASSETS\pc\textures\EMIS\bbbarr_e.dds,BC1_UNORM(DXT1),FourCC,2048,2048,12
BZR_STOCK,BZ_ASSETS\pc\textures\EMIS\bbcom2_e.dds,BC1_UNORM(DXT1),FourCC,512,512,10
BZR_STOCK,BZ_ASSETS\pc\textures\EMIS\bbcomm_e.dds,BC1_UNORM(DXT1),FourCC,512,512,10
BZR_STOCK,BZ_ASSETS\pc\textures\EMIS\bbhang_e.dds,BC1_UNORM(DXT1),FourCC,2048,2048,12
BZR_STOCK,BZ_ASSETS\pc\textures\EMIS\bbhqcp_e.dds,BC1_UNORM(DXT1),FourCC,512,512,10
BZR_STOCK,BZ_ASSETS\pc\textures\EMIS\bbsilo_e.dds,BC1_UNORM(DXT1),FourCC,4096,2048,13
BZR_STOCK,BZ_ASSETS\pc\textures\EMIS\bbtowe_e.dds,BC1_UNORM(DXT1),FourCC,2048,2048,12
BZR_STOCK,BZ_ASSETS\pc\textures\EMIS\bvapc_E.dds,BC1_UNORM(DXT1),FourCC,512,512,10
BZR_STOCK,BZ_ASSETS\pc\textures\EMIS\bvartl_E.dds,BC1_UNORM(DXT1),FourCC,512,512,10
BZR_STOCK,BZ_ASSETS\pc\textures\EMIS\bvhaul_E.dds,BC1_UNORM(DXT1),FourCC,512,512,10
BZR_STOCK,BZ_ASSETS\pc\textures\EMIS\bvhraz_E.dds,BC1_UNORM(DXT1),FourCC,512,512,10
BZR_STOCK,BZ_ASSETS\pc\textures\EMIS\bvltnk_E.dds,BC1_UNORM(DXT1),FourCC,512,512,10
BZR_STOCK,BZ_ASSETS\pc\textures\EMIS\bvmine_E.dds,BC1_UNORM(DXT1),FourCC,512,512,10
BZR_STOCK,BZ_ASSETS\pc\textures\EMIS\bvmuf_E.dds,BC1_UNORM(DXT1),FourCC,512,512,10
BZR_STOCK,BZ_ASSETS\pc\textures\EMIS\bvraz_E.dds,BC1_UNORM(DXT1),FourCC,512,512,10
BZR_STOCK,BZ_ASSETS\pc\textures\EMIS\bvrckt_E.dds,BC1_UNORM(DXT1),FourCC,512,512,10
BZR_STOCK,BZ_ASSETS\pc\textures\EMIS\bvrecy_E.dds,BC1_UNORM(DXT1),FourCC,512,512,10
BZR_STOCK,BZ_ASSETS\pc\textures\EMIS\bvscav_E.dds,BC1_UNORM(DXT1),FourCC,512,512,10
BZR_STOCK,BZ_ASSETS\pc\textures\EMIS\bvslf_E.dds,BC1_UNORM(DXT1),FourCC,512,512,10
BZR_STOCK,BZ_ASSETS\pc\textures\EMIS\bvtank_E.dds,BC1_UNORM(DXT1),FourCC,512,512,10
BZR_STOCK,BZ_ASSETS\pc\textures\EMIS\bvturr_E.dds,BC1_UNORM(DXT1),FourCC,512,512,10
BZR_STOCK,BZ_ASSETS\pc\textures\EMIS\bvwalk_E.dds,BC1_UNORM(DXT1),FourCC,512,512,10
BZR_STOCK,BZ_ASSETS\pc\textures\EMIS\sbbarr_e.dds,BC1_UNORM(DXT1),FourCC,512,512,10
BZR_STOCK,BZ_ASSETS\pc\textures\EMIS\sbcafe_e.dds,BC1_UNORM(DXT1),FourCC,512,512,10
BZR_STOCK,BZ_ASSETS\pc\textures\EMIS\sbhang_e.dds,BC1_UNORM(DXT1),FourCC,512,512,10
BZR_STOCK,BZ_ASSETS\pc\textures\EMIS\sbhqcp_e.dds,BC1_UNORM(DXT1),FourCC,512,512,10
BZR_STOCK,BZ_ASSETS\pc\textures\EMIS\sblpad_e.dds,BC1_UNORM(DXT1),FourCC,512,512,10
BZR_STOCK,BZ_ASSETS\pc\textures\EMIS\sblpow_e.dds,BC1_UNORM(DXT1),FourCC,512,512,10
BZR_STOCK,BZ_ASSETS\pc\textures\EMIS\sbmbld_e.dds,BC1_UNORM(DXT1),FourCC,512,512,10
BZR_STOCK,BZ_ASSETS\pc\textures\EMIS\sbshld_e.dds,BC1_UNORM(DXT1),FourCC,512,512,10
BZR_STOCK,BZ_ASSETS\pc\textures\EMIS\sbsilo_e.dds,BC1_UNORM(DXT1),FourCC,512,512,10
BZR_STOCK,BZ_ASSETS\pc\textures\EMIS\sbspow_e.dds,BC1_UNORM(DXT1),FourCC,512,512,10
BZR_STOCK,BZ_ASSETS\pc\textures\EMIS\sbsupp_e.dds,BC1_UNORM(DXT1),FourCC,512,512,10
BZR_STOCK,BZ_ASSETS\pc\textures\EMIS\sbtowe_e.dds,BC1_UNORM(DXT1),FourCC,512,512,10
BZR_STOCK,BZ_ASSETS\pc\textures\EMIS\sbwpow_e.dds,BC1_UNORM(DXT1),FourCC,512,512,10
BZR_STOCK,BZ_ASSETS\pc\textures\EMIS\soviet_unit_cockpit_E.dds,BC1_UNORM(DXT1),FourCC,512,512,10
BZR_STOCK,BZ_ASSETS\pc\textures\EMIS\soviet_units_cockpit_E.dds,BC1_UNORM(DXT1),FourCC,512,512,10
BZR_STOCK,BZ_ASSETS\pc\textures\EMIS\sspilo_cockpit_E.dds,BC1_UNORM(DXT1),FourCC,2048,2048,12
BZR_STOCK,BZ_ASSETS\pc\textures\EMIS\svapc_E.dds,BC1_UNORM(DXT1),FourCC,512,512,10
BZR_STOCK,BZ_ASSETS\pc\textures\EMIS\svartl_E.dds,BC1_UNORM(DXT1),FourCC,512,512,10
BZR_STOCK,BZ_ASSETS\pc\textures\EMIS\svcnst_E.dds,BC1_UNORM(DXT1),FourCC,512,512,10
BZR_STOCK,BZ_ASSETS\pc\textures\EMIS\svfigh_E.dds,BC1_UNORM(DXT1),FourCC,512,512,10
BZR_STOCK,BZ_ASSETS\pc\textures\EMIS\svhaul_E.dds,BC1_UNORM(DXT1),FourCC,512,512,10
BZR_STOCK,BZ_ASSETS\pc\textures\EMIS\svheadlight00_e.dds,BC1_UNORM(DXT1),FourCC,512,512,10
BZR_STOCK,BZ_ASSETS\pc\textures\EMIS\svhraz_E.dds,BC1_UNORM(DXT1),FourCC,4096,4096,13
BZR_STOCK,BZ_ASSETS\pc\textures\EMIS\svltnk_E.dds,BC1_UNORM(DXT1),FourCC,512,512,10
BZR_STOCK,BZ_ASSETS\pc\textures\EMIS\svmine_E.dds,BC1_UNORM(DXT1),FourCC,512,512,10
BZR_STOCK,BZ_ASSETS\pc\textures\EMIS\svmuf_E.dds,BC1_UNORM(DXT1),FourCC,512,512,10
BZR_STOCK,BZ_ASSETS\pc\textures\EMIS\svrckt_E.dds,BC1_UNORM(DXT1),FourCC,512,512,10
BZR_STOCK,BZ_ASSETS\pc\textures\EMIS\svrecy_E.dds,BC1_UNORM(DXT1),FourCC,512,512,10
BZR_STOCK,BZ_ASSETS\pc\textures\EMIS\svsav_E.dds,BC1_UNORM(DXT1),FourCC,512,512,10
BZR_STOCK,BZ_ASSETS\pc\textures\EMIS\svscav_E.dds,BC1_UNORM(DXT1),FourCC,512,512,10
BZR_STOCK,BZ_ASSETS\pc\textures\EMIS\svslf_E.dds,BC1_UNORM(DXT1),FourCC,512,512,10
BZR_STOCK,BZ_ASSETS\pc\textures\EMIS\svtank_E.dds,BC1_UNORM(DXT1),FourCC,512,512,10
BZR_STOCK,BZ_ASSETS\pc\textures\EMIS\svwalk_E.dds,BC1_UNORM(DXT1),FourCC,512,512,10
BZR_STOCK,BZ_ASSETS\pc\textures\MISC_DDS\DDS_NORM\boltmine00_NRM.dds,BC1_UNORM(DXT1),FourCC,1024,1024,0
BZR_STOCK,BZ_ASSETS\pc\textures\MISC_DDS\DDS_NORM\hbcerb00_n.dds,BC1_UNORM(DXT1),FourCC,2048,2048,0
BZR_STOCK,BZ_ASSETS\pc\textures\MISC_DDS\HBFACT00.dds,BC1_UNORM(DXT1),FourCC,256,256,9
BZR_STOCK,BZ_ASSETS\pc\textures\MISC_DDS\HBFACT00_d.dds,BC1_UNORM(DXT1),FourCC,2048,2048,12
BZR_STOCK,BZ_ASSETS\pc\textures\MISC_DDS\HBFACT00_e.dds,BC1_UNORM(DXT1),FourCC,2048,2048,12
BZR_STOCK,BZ_ASSETS\pc\textures\MISC_DDS\HBFACT00_s.dds,BC1_UNORM(DXT1),FourCC,2048,2048,12
BZR_STOCK,BZ_ASSETS\pc\textures\MISC_DDS\Hvsav00.dds,BC1_UNORM(DXT1),FourCC,2048,2048,12
BZR_STOCK,BZ_ASSETS\pc\textures\MISC_DDS\Hvsav00_d.dds,BC1_UNORM(DXT1),FourCC,2048,2048,12
BZR_STOCK,BZ_ASSETS\pc\textures\MISC_DDS\Hvsav00_e.dds,BC1_UNORM(DXT1),FourCC,2048,2048,12
BZR_STOCK,BZ_ASSETS\pc\textures\MISC_DDS\Hvsav00_s.dds,BC1_UNORM(DXT1),FourCC,2048,2048,12
BZR_STOCK,BZ_ASSETS\pc\textures\MISC_DDS\apammo00.dds,BC1_UNORM(DXT1),FourCC,1024,1024,11
BZR_STOCK,BZ_ASSETS\pc\textures\MISC_DDS\apammo00_e.dds,BC1_UNORM(DXT1),FourCC,1024,1024,11
BZR_STOCK,BZ_ASSETS\pc\textures\MISC_DDS\apammo00_s.dds,BC1_UNORM(DXT1),FourCC,1024,1024,11
BZR_STOCK,BZ_ASSETS\pc\textures\MISC_DDS\apcamr00.dds,BC1_UNORM(DXT1),FourCC,1024,1024,11
BZR_STOCK,BZ_ASSETS\pc\textures\MISC_DDS\apcamr00_e.dds,BC1_UNORM(DXT1),FourCC,1024,1024,11
BZR_STOCK,BZ_ASSETS\pc\textures\MISC_DDS\apcamr00_s.dds,BC1_UNORM(DXT1),FourCC,1024,1024,11
BZR_STOCK,BZ_ASSETS\pc\textures\MISC_DDS\apcann00.dds,BC1_UNORM(DXT1),FourCC,1024,1024,11
BZR_STOCK,BZ_ASSETS\pc\textures\MISC_DDS\apcann00_e.dds,BC1_UNORM(DXT1),FourCC,1024,1024,11
BZR_STOCK,BZ_ASSETS\pc\textures\MISC_DDS\apcann00_s.dds,BC1_UNORM(DXT1),FourCC,1024,1024,11
BZR_STOCK,BZ_ASSETS\pc\textures\MISC_DDS\apmort00.dds,BC1_UNORM(DXT1),FourCC,1024,1024,11
BZR_STOCK,BZ_ASSETS\pc\textures\MISC_DDS\apmort00_e.dds,BC1_UNORM(DXT1),FourCC,1024,1024,11
BZR_STOCK,BZ_ASSETS\pc\textures\MISC_DDS\apmort00_s.dds,BC1_UNORM(DXT1),FourCC,1024,1024,11
BZR_STOCK,BZ_ASSETS\pc\textures\MISC_DDS\appowr00.dds,BC1_UNORM(DXT1),FourCC,1024,1024,11
BZR_STOCK,BZ_ASSETS\pc\textures\MISC_DDS\appowr00_d.dds,BC1_UNORM(DXT1),FourCC,1024,1024,11
BZR_STOCK,BZ_ASSETS\pc\textures\MISC_DDS\appowr00_e.dds,BC1_UNORM(DXT1),FourCC,1024,1024,11
BZR_STOCK,BZ_ASSETS\pc\textures\MISC_DDS\appowr00_s.dds,BC1_UNORM(DXT1),FourCC,1024,1024,11
BZR_STOCK,BZ_ASSETS\pc\textures\MISC_DDS\aprepa00.dds,BC1_UNORM(DXT1),FourCC,1024,1024,11
BZR_STOCK,BZ_ASSETS\pc\textures\MISC_DDS\aprepa00_e.dds,BC1_UNORM(DXT1),FourCC,1024,1024,11
BZR_STOCK,BZ_ASSETS\pc\textures\MISC_DDS\aprepa00_s.dds,BC1_UNORM(DXT1),FourCC,1024,1024,11
BZR_STOCK,BZ_ASSETS\pc\textures\MISC_DDS\aprock00.dds,BC1_UNORM(DXT1),FourCC,1024,1024,11
BZR_STOCK,BZ_ASSETS\pc\textures\MISC_DDS\aprock00_e.dds,BC1_UNORM(DXT1),FourCC,1024,1024,11
BZR_STOCK,BZ_ASSETS\pc\textures\MISC_DDS\aprock00_s.dds,BC1_UNORM(DXT1),FourCC,1024,1024,11
BZR_STOCK,BZ_ASSETS\pc\textures\MISC_DDS\apspec00.dds,BC1_UNORM(DXT1),FourCC,1024,1024,11
BZR_STOCK,BZ_ASSETS\pc\textures\MISC_DDS\apspec00_e.dds,BC1_UNORM(DXT1),FourCC,1024,1024,11
BZR_STOCK,BZ_ASSETS\pc\textures\MISC_DDS\apspec00_s.dds,BC1_UNORM(DXT1),FourCC,1024,1024,11
BZR_STOCK,BZ_ASSETS\pc\textures\MISC_DDS\apwrck00.dds,BC1_UNORM(DXT1),FourCC,1024,1024,11
BZR_STOCK,BZ_ASSETS\pc\textures\MISC_DDS\apwrck00_e.dds,BC1_UNORM(DXT1),FourCC,1024,1024,11
BZR_STOCK,BZ_ASSETS\pc\textures\MISC_DDS\apwrck00_s.dds,BC1_UNORM(DXT1),FourCC,1024,1024,11
BZR_STOCK,BZ_ASSETS\pc\textures\MISC_DDS\boltmine00.dds,BC1_UNORM(DXT1),FourCC,1024,1024,11
BZR_STOCK,BZ_ASSETS\pc\textures\MISC_DDS\boltmine00_SPEC.dds,BC1_UNORM(DXT1),FourCC,1024,1024,11
BZR_STOCK,BZ_ASSETS\pc\textures\MISC_DDS\boltmine00_e.dds,BC1_UNORM(DXT1),FourCC,1024,1024,11
BZR_STOCK,BZ_ASSETS\pc\textures\MISC_DDS\gmine00.dds,BC1_UNORM(DXT1),FourCC,1024,1024,11
BZR_STOCK,BZ_ASSETS\pc\textures\MISC_DDS\gmine00_e.dds,BC1_UNORM(DXT1),FourCC,1024,1024,11
BZR_STOCK,BZ_ASSETS\pc\textures\MISC_DDS\gmine00_s.dds,BC1_UNORM(DXT1),FourCC,1024,1024,11
BZR_STOCK,BZ_ASSETS\pc\textures\MISC_DDS\grccmi00.dds,BC1_UNORM(DXT1),FourCC,1024,1024,11
BZR_STOCK,BZ_ASSETS\pc\textures\MISC_DDS\grccmi00_e.dds,BC1_UNORM(DXT1),FourCC,1024,1024,11
BZR_STOCK,BZ_ASSETS\pc\textures\MISC_DDS\grccmi00_s.dds,BC1_UNORM(DXT1),FourCC,1024,1024,11
BZR_STOCK,BZ_ASSETS\pc\textures\MISC_DDS\hbcerb00_d.dds,BC1_UNORM(DXT1),FourCC,2048,2048,12
BZR_STOCK,BZ_ASSETS\pc\textures\MISC_DDS\hbcerb00_e.dds,BC1_UNORM(DXT1),FourCC,2048,2048,12
BZR_STOCK,BZ_ASSETS\pc\textures\MISC_DDS\hbcerb00_s.dds,BC1_UNORM(DXT1),FourCC,2048,2048,12
BZR_STOCK,BZ_ASSETS\pc\textures\MISC_DDS\hbchar00.dds,BC1_UNORM(DXT1),FourCC,256,256,9
BZR_STOCK,BZ_ASSETS\pc\textures\MISC_DDS\hbchar00_d.dds,BC1_UNORM(DXT1),FourCC,2048,2048,12
BZR_STOCK,BZ_ASSETS\pc\textures\MISC_DDS\hbchar00_e.dds,BC1_UNORM(DXT1),FourCC,2048,2048,12
BZR_STOCK,BZ_ASSETS\pc\textures\MISC_DDS\hbchar00_s.dds,BC1_UNORM(DXT1),FourCC,2048,2048,12
BZR_STOCK,BZ_ASSETS\pc\textures\MISC_DDS\hbhydr00.dds,BC1_UNORM(DXT1),FourCC,256,256,9
BZR_STOCK,BZ_ASSETS\pc\textures\MISC_DDS\hbhydr00_d.dds,BC1_UNORM(DXT1),FourCC,2048,2048,12
BZR_STOCK,BZ_ASSETS\pc\textures\MISC_DDS\hbhydr00_e.dds,BC1_UNORM(DXT1),FourCC,2048,2048,12
BZR_STOCK,BZ_ASSETS\pc\textures\MISC_DDS\hbhydr00_s.dds,BC1_UNORM(DXT1),FourCC,2048,2048,12
BZR_STOCK,BZ_ASSETS\pc\textures\MISC_DDS\hbpow00.dds,BC1_UNORM(DXT1),FourCC,256,256,9
BZR_STOCK,BZ_ASSETS\pc\textures\MISC_DDS\hbpow00_d.dds,BC1_UNORM(DXT1),FourCC,2048,2048,12
BZR_STOCK,BZ_ASSETS\pc\textures\MISC_DDS\hbpow00_e.dds,BC1_UNORM(DXT1),FourCC,2048,2048,12
BZR_STOCK,BZ_ASSETS\pc\textures\MISC_DDS\hbpow00_s.dds,BC1_UNORM(DXT1),FourCC,2048,2048,12
BZR_STOCK,BZ_ASSETS\pc\textures\MISC_DDS\hbstyx00.dds,BC1_UNORM(DXT1),FourCC,256,256,9
BZR_STOCK,BZ_ASSETS\pc\textures\MISC_DDS\hbstyx00_d.dds,BC1_UNORM(DXT1),FourCC,2048,2048,12
BZR_STOCK,BZ_ASSETS\pc\textures\MISC_DDS\hbstyx00_e.dds,BC1_UNORM(DXT1),FourCC,2048,2048,12
BZR_STOCK,BZ_ASSETS\pc\textures\MISC_DDS\hbstyx00_s.dds,BC1_UNORM(DXT1),FourCC,2048,2048,12
BZR_STOCK,BZ_ASSETS\pc\textures\MISC_DDS\hbtran.dds,BC1_UNORM(DXT1),FourCC,256,256,9
BZR_STOCK,BZ_ASSETS\pc\textures\MISC_DDS\hbtran_d.dds,BC1_UNORM(DXT1),FourCC,2048,2048,12
BZR_STOCK,BZ_ASSETS\pc\textures\MISC_DDS\hbtran_e.dds,BC1_UNORM(DXT1),FourCC,2048,2048,12
BZR_STOCK,BZ_ASSETS\pc\textures\MISC_DDS\hbtran_s.dds,BC1_UNORM(DXT1),FourCC,2048,2048,12
BZR_STOCK,BZ_ASSETS\pc\textures\MISC_DDS\hvsat00.dds,BC1_UNORM(DXT1),FourCC,256,256,9
BZR_STOCK,BZ_ASSETS\pc\textures\MISC_DDS\hvsat00_d.dds,BC1_UNORM(DXT1),FourCC,2048,2048,12
BZR_STOCK,BZ_ASSETS\pc\textures\MISC_DDS\hvsat00_e.dds,BC1_UNORM(DXT1),FourCC,2048,2048,12
BZR_STOCK,BZ_ASSETS\pc\textures\MISC_DDS\hvsat00_s.dds,BC1_UNORM(DXT1),FourCC,2048,2048,12
BZR_STOCK,BZ_ASSETS\pc\textures\MISC_DDS\magpull00.dds,BC1_UNORM(DXT1),FourCC,1024,1024,11
BZR_STOCK,BZ_ASSETS\pc\textures\MISC_DDS\magpull00_e.dds,BC1_UNORM(DXT1),FourCC,1024,1024,11
BZR_STOCK,BZ_ASSETS\pc\textures\MISC_DDS\nparr00.dds,BC1_UNORM(DXT1),FourCC,1024,1024,11
BZR_STOCK,BZ_ASSETS\pc\textures\MISC_DDS\nparr00_e.dds,BC1_UNORM(DXT1),FourCC,1024,1024,11
BZR_STOCK,BZ_ASSETS\pc\textures\MISC_DDS\nparr00_s.dds,BC1_UNORM(DXT1),FourCC,1024,1024,11
BZR_STOCK,BZ_ASSETS\pc\textures\MISC_DDS\obcycl00_d.dds,BC1_UNORM(DXT1),FourCC,2048,2048,12
BZR_STOCK,BZ_ASSETS\pc\textures\MISC_DDS\obcycl00_e.dds,BC1_UNORM(DXT1),FourCC,2048,2048,12
BZR_STOCK,BZ_ASSETS\pc\textures\MISC_DDS\obcycl00_s.dds,BC1_UNORM(DXT1),FourCC,2048,2048,12
BZR_STOCK,BZ_ASSETS\pc\textures\MISC_DDS\obdata00_d.dds,BC1_UNORM(DXT1),FourCC,2048,2048,12
BZR_STOCK,BZ_ASSETS\pc\textures\MISC_DDS\obdata00_e.dds,BC1_UNORM(DXT1),FourCC,2048,2048,12
BZR_STOCK,BZ_ASSETS\pc\textures\MISC_DDS\obdata00_s.dds,BC1_UNORM(DXT1),FourCC,2048,2048,12
BZR_STOCK,BZ_ASSETS\pc\textures\MISC_DDS\obheph00.dds,BC1_UNORM(DXT1),FourCC,2048,2048,12
BZR_STOCK,BZ_ASSETS\pc\textures\MISC_DDS\oblema00_d.dds,BC1_UNORM(DXT1),FourCC,2048,2048,12
BZR_STOCK,BZ_ASSETS\pc\textures\MISC_DDS\oblema00_e.dds,BC1_UNORM(DXT1),FourCC,2048,2048,12
BZR_STOCK,BZ_ASSETS\pc\textures\MISC_DDS\oblema00_s.dds,BC1_UNORM(DXT1),FourCC,2048,2048,12
BZR_STOCK,BZ_ASSETS\pc\textures\MISC_DDS\oblemb00_d.dds,BC1_UNORM(DXT1),FourCC,2048,2048,12
BZR_STOCK,BZ_ASSETS\pc\textures\MISC_DDS\oblemb00_s.dds,BC1_UNORM(DXT1),FourCC,2048,2048,12
BZR_STOCK,BZ_ASSETS\pc\textures\MISC_DDS\obpowr00_d.dds,BC1_UNORM(DXT1),FourCC,2048,2048,12
BZR_STOCK,BZ_ASSETS\pc\textures\MISC_DDS\obpowr00_e.dds,BC1_UNORM(DXT1),FourCC,2048,2048,12
BZR_STOCK,BZ_ASSETS\pc\textures\MISC_DDS\obpowr00_s.dds,BC1_UNORM(DXT1),FourCC,2048,2048,12
BZR_STOCK,BZ_ASSETS\pc\textures\MISC_DDS\obstp00_d.dds,BC1_UNORM(DXT1),FourCC,2048,2048,12
BZR_STOCK,BZ_ASSETS\pc\textures\MISC_DDS\obstp00_e.dds,BC1_UNORM(DXT1),FourCC,2048,2048,12
BZR_STOCK,BZ_ASSETS\pc\textures\MISC_DDS\obstp00_s.dds,BC1_UNORM(DXT1),FourCC,2048,2048,12
BZR_STOCK,BZ_ASSETS\pc\textures\MISC_DDS\proxmine00.dds,BC1_UNORM(DXT1),FourCC,1024,1024,11
BZR_STOCK,BZ_ASSETS\pc\textures\MISC_DDS\proxmine00_e.dds,BC1_UNORM(DXT1),FourCC,1024,1024,11
BZR_STOCK,BZ_ASSETS\pc\textures\MISC_DDS\ubtart00.dds,BC1_UNORM(DXT1),FourCC,256,256,9
BZR_STOCK,BZ_ASSETS\pc\textures\NORM\aspilo_N.dds,BC1_UNORM(DXT1),FourCC,1024,1024,11
BZR_STOCK,BZ_ASSETS\pc\textures\NORM\aspilo_cockpit_N.dds,BC1_UNORM(DXT1),FourCC,1024,1024,11
BZR_STOCK,BZ_ASSETS\pc\textures\NORM\aspilo_gun_n.dds,BC1_UNORM(DXT1),FourCC,2048,2048,12
BZR_STOCK,BZ_ASSETS\pc\textures\NORM\avapc_N.dds,BC1_UNORM(DXT1),FourCC,1024,1024,11
BZR_STOCK,BZ_ASSETS\pc\textures\NORM\avapc_cockpit_N.dds,BC1_UNORM(DXT1),FourCC,1024,1024,11
BZR_STOCK,BZ_ASSETS\pc\textures\NORM\avartl_N.dds,BC1_UNORM(DXT1),FourCC,1024,1024,11
BZR_STOCK,BZ_ASSETS\pc\textures\NORM\avcnst_N.dds,BC1_UNORM(DXT1),FourCC,1024,1024,11
BZR_STOCK,BZ_ASSETS\pc\textures\NORM\avfigh_N.dds,BC1_UNORM(DXT1),FourCC,1024,1024,11
BZR_STOCK,BZ_ASSETS\pc\textures\NORM\avhaul_N.dds,BC1_UNORM(DXT1),FourCC,1024,1024,11
BZR_STOCK,BZ_ASSETS\pc\textures\NORM\avhraz_N.dds,BC1_UNORM(DXT1),FourCC,1024,1024,11
BZR_STOCK,BZ_ASSETS\pc\textures\NORM\avland_N.dds,BC1_UNORM(DXT1),FourCC,1024,1024,11
BZR_STOCK,BZ_ASSETS\pc\textures\NORM\avltnk_N.dds,BC1_UNORM(DXT1),FourCC,1024,1024,11
BZR_STOCK,BZ_ASSETS\pc\textures\NORM\avmine_N.dds,BC1_UNORM(DXT1),FourCC,1024,1024,11
BZR_STOCK,BZ_ASSETS\pc\textures\NORM\avmuf_N.dds,BC1_UNORM(DXT1),FourCC,1024,1024,11
BZR_STOCK,BZ_ASSETS\pc\textures\NORM\avrckt_N.dds,BC1_UNORM(DXT1),FourCC,1024,1024,11
BZR_STOCK,BZ_ASSETS\pc\textures\NORM\avrecy_N.dds,BC1_UNORM(DXT1),FourCC,1024,1024,11
BZR_STOCK,BZ_ASSETS\pc\textures\NORM\avscav_N.dds,BC1_UNORM(DXT1),FourCC,1024,1024,11
BZR_STOCK,BZ_ASSETS\pc\textures\NORM\avscav_cockpit_N.dds,BC1_UNORM(DXT1),FourCC,1024,1024,11
BZR_STOCK,BZ_ASSETS\pc\textures\NORM\avslf_N.dds,BC1_UNORM(DXT1),FourCC,1024,1024,11
BZR_STOCK,BZ_ASSETS\pc\textures\NORM\avtank_N.dds,BC1_UNORM(DXT1),FourCC,1024,1024,11
BZR_STOCK,BZ_ASSETS\pc\textures\NORM\avtest_N.dds,BC1_UNORM(DXT1),FourCC,1024,1024,11
BZR_STOCK,BZ_ASSETS\pc\textures\NORM\avturr_N.dds,BC1_UNORM(DXT1),FourCC,1024,1024,11
BZR_STOCK,BZ_ASSETS\pc\textures\NORM\avwalk_N.dds,BC1_UNORM(DXT1),FourCC,1024,1024,11
BZR_STOCK,BZ_ASSETS\pc\textures\NORM\bvapc_N.dds,BC1_UNORM(DXT1),FourCC,1024,1024,11
BZR_STOCK,BZ_ASSETS\pc\textures\NORM\bvartl_N.dds,BC1_UNORM(DXT1),FourCC,1024,1024,11
BZR_STOCK,BZ_ASSETS\pc\textures\NORM\bvhaul_N.dds,BC1_UNORM(DXT1),FourCC,1024,1024,11
BZR_STOCK,BZ_ASSETS\pc\textures\NORM\bvhraz_N.dds,BC1_UNORM(DXT1),FourCC,1024,1024,11
BZR_STOCK,BZ_ASSETS\pc\textures\NORM\bvltnk_N.dds,BC1_UNORM(DXT1),FourCC,1024,1024,11
BZR_STOCK,BZ_ASSETS\pc\textures\NORM\bvmine_N.dds,BC1_UNORM(DXT1),FourCC,1024,1024,11
BZR_STOCK,BZ_ASSETS\pc\textures\NORM\bvmuf_N.dds,BC1_UNORM(DXT1),FourCC,1024,1024,11
BZR_STOCK,BZ_ASSETS\pc\textures\NORM\bvraz_N.dds,BC1_UNORM(DXT1),FourCC,1024,1024,11
BZR_STOCK,BZ_ASSETS\pc\textures\NORM\bvrckt_N.dds,BC1_UNORM(DXT1),FourCC,1024,1024,11
BZR_STOCK,BZ_ASSETS\pc\textures\NORM\bvrecy_N.dds,BC1_UNORM(DXT1),FourCC,1024,1024,11
BZR_STOCK,BZ_ASSETS\pc\textures\NORM\bvscav_N.dds,BC1_UNORM(DXT1),FourCC,1024,1024,11
BZR_STOCK,BZ_ASSETS\pc\textures\NORM\bvslf_N.dds,BC1_UNORM(DXT1),FourCC,1024,1024,11
BZR_STOCK,BZ_ASSETS\pc\textures\NORM\bvtank_N.dds,BC1_UNORM(DXT1),FourCC,1024,1024,11
BZR_STOCK,BZ_ASSETS\pc\textures\NORM\bvturr_N.dds,BC1_UNORM(DXT1),FourCC,1024,1024,11
BZR_STOCK,BZ_ASSETS\pc\textures\NORM\bvwalk_N.dds,BC1_UNORM(DXT1),FourCC,1024,1024,11
BZR_STOCK,BZ_ASSETS\pc\textures\NORM\soviet_units_cockpit_N.dds,BC1_UNORM(DXT1),FourCC,1024,1024,11
BZR_STOCK,BZ_ASSETS\pc\textures\NORM\sspilo_N.dds,BC1_UNORM(DXT1),FourCC,2048,2048,12
BZR_STOCK,BZ_ASSETS\pc\textures\NORM\sspilo_cockpit_N.dds,BC1_UNORM(DXT1),FourCC,2048,2048,12
BZR_STOCK,BZ_ASSETS\pc\textures\NORM\svapc_N.dds,BC1_UNORM(DXT1),FourCC,1024,1024,11
BZR_STOCK,BZ_ASSETS\pc\textures\NORM\svartl_N.dds,BC1_UNORM(DXT1),FourCC,1024,1024,11
BZR_STOCK,BZ_ASSETS\pc\textures\NORM\svcnst_N.dds,BC1_UNORM(DXT1),FourCC,1024,1024,11
BZR_STOCK,BZ_ASSETS\pc\textures\NORM\svfigh_N.dds,BC1_UNORM(DXT1),FourCC,1024,1024,11
BZR_STOCK,BZ_ASSETS\pc\textures\NORM\svhaul_N.dds,BC1_UNORM(DXT1),FourCC,1024,1024,11
BZR_STOCK,BZ_ASSETS\pc\textures\NORM\svhraz_N.dds,BC1_UNORM(DXT1),FourCC,1024,1024,11
BZR_STOCK,BZ_ASSETS\pc\textures\NORM\svltnk_N.dds,BC1_UNORM(DXT1),FourCC,1024,1024,11
BZR_STOCK,BZ_ASSETS\pc\textures\NORM\svmine_N.dds,BC1_UNORM(DXT1),FourCC,1024,1024,11
BZR_STOCK,BZ_ASSETS\pc\textures\NORM\svmuf_N.dds,BC1_UNORM(DXT1),FourCC,1024,1024,11
BZR_STOCK,BZ_ASSETS\pc\textures\NORM\svrckt_N.dds,BC1_UNORM(DXT1),FourCC,1024,1024,11
BZR_STOCK,BZ_ASSETS\pc\textures\NORM\svrecy_N.dds,BC1_UNORM(DXT1),FourCC,1024,1024,11
BZR_STOCK,BZ_ASSETS\pc\textures\NORM\svsav_N.dds,BC1_UNORM(DXT1),FourCC,1024,1024,11
BZR_STOCK,BZ_ASSETS\pc\textures\NORM\svscav_N.dds,BC1_UNORM(DXT1),FourCC,1024,1024,11
BZR_STOCK,BZ_ASSETS\pc\textures\NORM\svslf_N.dds,BC1_UNORM(DXT1),FourCC,1024,1024,11
BZR_STOCK,BZ_ASSETS\pc\textures\NORM\svtank_N.dds,BC1_UNORM(DXT1),FourCC,1024,1024,11
BZR_STOCK,BZ_ASSETS\pc\textures\NORM\svturr_N.dds,BC1_UNORM(DXT1),FourCC,1024,1024,11
BZR_STOCK,BZ_ASSETS\pc\textures\NORM\svwalk_N.dds,BC1_UNORM(DXT1),FourCC,1024,1024,11
BZR_STOCK,BZ_ASSETS\pc\textures\SPEC\Chrome_s.dds,BC1_UNORM(DXT1),FourCC,1024,1024,11
BZR_STOCK,BZ_ASSETS\pc\textures\SPEC\SBCOMM_s.dds,BC1_UNORM(DXT1),FourCC,1024,1024,11
BZR_STOCK,BZ_ASSETS\pc\textures\SPEC\abbarr_s.dds,BC1_UNORM(DXT1),FourCC,1024,1024,11
BZR_STOCK,BZ_ASSETS\pc\textures\SPEC\abcafe_s.dds,BC1_UNORM(DXT1),FourCC,1024,1024,11
BZR_STOCK,BZ_ASSETS\pc\textures\SPEC\abcomm_s.dds,BC1_UNORM(DXT1),FourCC,1024,1024,11
BZR_STOCK,BZ_ASSETS\pc\textures\SPEC\abhang_s.dds,BC1_UNORM(DXT1),FourCC,1024,1024,11
BZR_STOCK,BZ_ASSETS\pc\textures\SPEC\abhqcp_s.dds,BC1_UNORM(DXT1),FourCC,1024,1024,11
BZR_STOCK,BZ_ASSETS\pc\textures\SPEC\ablpad_s.dds,BC1_UNORM(DXT1),FourCC,1024,1024,11
BZR_STOCK,BZ_ASSETS\pc\textures\SPEC\ablpow_s.dds,BC1_UNORM(DXT1),FourCC,1024,1024,11
BZR_STOCK,BZ_ASSETS\pc\textures\SPEC\abmbld_s.dds,BC1_UNORM(DXT1),FourCC,1024,1024,11
BZR_STOCK,BZ_ASSETS\pc\textures\SPEC\abshld_s.dds,BC1_UNORM(DXT1),FourCC,1024,1024,11
BZR_STOCK,BZ_ASSETS\pc\textures\SPEC\absilo_s.dds,BC1_UNORM(DXT1),FourCC,1024,1024,11
BZR_STOCK,BZ_ASSETS\pc\textures\SPEC\abspow_s.dds,BC1_UNORM(DXT1),FourCC,1024,1024,11
BZR_STOCK,BZ_ASSETS\pc\textures\SPEC\abstor_s.dds,BC1_UNORM(DXT1),FourCC,1024,1024,11
BZR_STOCK,BZ_ASSETS\pc\textures\SPEC\absupp_s.dds,BC1_UNORM(DXT1),FourCC,1024,1024,11
BZR_STOCK,BZ_ASSETS\pc\textures\SPEC\abtowe02_s.dds,BC1_UNORM(DXT1),FourCC,1024,1024,11
BZR_STOCK,BZ_ASSETS\pc\textures\SPEC\abtowe03_s.dds,BC1_UNORM(DXT1),FourCC,1024,1024,11
BZR_STOCK,BZ_ASSETS\pc\textures\SPEC\abtowe2_s.dds,BC1_UNORM(DXT1),FourCC,1024,1024,11
BZR_STOCK,BZ_ASSETS\pc\textures\SPEC\abtowe_s.dds,BC1_UNORM(DXT1),FourCC,1024,1024,11
BZR_STOCK,BZ_ASSETS\pc\textures\SPEC\abwpow_s.dds,BC1_UNORM(DXT1),FourCC,1024,1024,11
BZR_STOCK,BZ_ASSETS\pc\textures\SPEC\aspilo_S.dds,BC1_UNORM(DXT1),FourCC,1024,1024,11
BZR_STOCK,BZ_ASSETS\pc\textures\SPEC\aspilo_cockpit_S.dds,BC1_UNORM(DXT1),FourCC,512,512,10
BZR_STOCK,BZ_ASSETS\pc\textures\SPEC\aspilo_gun_s.dds,BC1_UNORM(DXT1),FourCC,2048,2048,12
BZR_STOCK,BZ_ASSETS\pc\textures\SPEC\avapc_S.dds,BC1_UNORM(DXT1),FourCC,1024,1024,11
BZR_STOCK,BZ_ASSETS\pc\textures\SPEC\avapc_cockpit_S.dds,BC1_UNORM(DXT1),FourCC,1024,1024,11
BZR_STOCK,BZ_ASSETS\pc\textures\SPEC\avartl_S.dds,BC1_UNORM(DXT1),FourCC,1024,1024,11
BZR_STOCK,BZ_ASSETS\pc\textures\SPEC\avcnst_S.dds,BC1_UNORM(DXT1),FourCC,1024,1024,11
BZR_STOCK,BZ_ASSETS\pc\textures\SPEC\avfigh_S.dds,BC1_UNORM(DXT1),FourCC,1024,1024,11
BZR_STOCK,BZ_ASSETS\pc\textures\SPEC\avhaul_S.dds,BC1_UNORM(DXT1),FourCC,1024,1024,11
BZR_STOCK,BZ_ASSETS\pc\textures\SPEC\avheadlight00_s.dds,BC1_UNORM(DXT1),FourCC,512,512,10
BZR_STOCK,BZ_ASSETS\pc\textures\SPEC\avhraz_S.dds,BC1_UNORM(DXT1),FourCC,1024,1024,11
BZR_STOCK,BZ_ASSETS\pc\textures\SPEC\avland_S.dds,BC1_UNORM(DXT1),FourCC,1024,1024,11
BZR_STOCK,BZ_ASSETS\pc\textures\SPEC\avltnk_s.dds,BC1_UNORM(DXT1),FourCC,1024,1024,11
BZR_STOCK,BZ_ASSETS\pc\textures\SPEC\avmine_S.dds,BC1_UNORM(DXT1),FourCC,1024,1024,11
BZR_STOCK,BZ_ASSETS\pc\textures\SPEC\avmuf_S.dds,BC1_UNORM(DXT1),FourCC,1024,1024,11
BZR_STOCK,BZ_ASSETS\pc\textures\SPEC\avrckt_S.dds,BC1_UNORM(DXT1),FourCC,1024,1024,11
BZR_STOCK,BZ_ASSETS\pc\textures\SPEC\avrecy_S.dds,BC1_UNORM(DXT1),FourCC,1024,1024,11
BZR_STOCK,BZ_ASSETS\pc\textures\SPEC\avscav_S.dds,BC1_UNORM(DXT1),FourCC,1024,1024,11
BZR_STOCK,BZ_ASSETS\pc\textures\SPEC\avscav_cockpit_S.dds,BC1_UNORM(DXT1),FourCC,1024,1024,11
BZR_STOCK,BZ_ASSETS\pc\textures\SPEC\avslf_S.dds,BC1_UNORM(DXT1),FourCC,1024,1024,11
BZR_STOCK,BZ_ASSETS\pc\textures\SPEC\avtank_S.dds,BC1_UNORM(DXT1),FourCC,1024,1024,11
BZR_STOCK,BZ_ASSETS\pc\textures\SPEC\avtest_S.dds,BC1_UNORM(DXT1),FourCC,1024,1024,11
BZR_STOCK,BZ_ASSETS\pc\textures\SPEC\avturr_S.dds,BC1_UNORM(DXT1),FourCC,1024,1024,11
BZR_STOCK,BZ_ASSETS\pc\textures\SPEC\avwalk_S.dds,BC1_UNORM(DXT1),FourCC,1024,1024,11
BZR_STOCK,BZ_ASSETS\pc\textures\SPEC\bbbarr_s.dds,BC1_UNORM(DXT1),FourCC,2048,2048,12
BZR_STOCK,BZ_ASSETS\pc\textures\SPEC\bbcom2_s.dds,BC1_UNORM(DXT1),FourCC,1024,1024,11
BZR_STOCK,BZ_ASSETS\pc\textures\SPEC\bbcomm_s.dds,BC1_UNORM(DXT1),FourCC,1024,1024,11
BZR_STOCK,BZ_ASSETS\pc\textures\SPEC\bbhang_s.dds,BC1_UNORM(DXT1),FourCC,2048,2048,12
BZR_STOCK,BZ_ASSETS\pc\textures\SPEC\bbhqcp_s.dds,BC1_UNORM(DXT1),FourCC,1024,1024,11
BZR_STOCK,BZ_ASSETS\pc\textures\SPEC\bbsilo_s.dds,BC1_UNORM(DXT1),FourCC,4096,2048,13
BZR_STOCK,BZ_ASSETS\pc\textures\SPEC\bbtowe_s.dds,BC1_UNORM(DXT1),FourCC,2048,2048,12
BZR_STOCK,BZ_ASSETS\pc\textures\SPEC\bvapc_S.dds,BC1_UNORM(DXT1),FourCC,1024,1024,11
BZR_STOCK,BZ_ASSETS\pc\textures\SPEC\bvartl_S.dds,BC1_UNORM(DXT1),FourCC,1024,1024,11
BZR_STOCK,BZ_ASSETS\pc\textures\SPEC\bvhaul_S.dds,BC1_UNORM(DXT1),FourCC,1024,1024,11
BZR_STOCK,BZ_ASSETS\pc\textures\SPEC\bvhraz_S.dds,BC1_UNORM(DXT1),FourCC,1024,1024,11
BZR_STOCK,BZ_ASSETS\pc\textures\SPEC\bvltnk_S.dds,BC1_UNORM(DXT1),FourCC,1024,1024,11
BZR_STOCK,BZ_ASSETS\pc\textures\SPEC\bvmine_S.dds,BC1_UNORM(DXT1),FourCC,1024,1024,11
BZR_STOCK,BZ_ASSETS\pc\textures\SPEC\bvmuf_S.dds,BC1_UNORM(DXT1),FourCC,1024,1024,11
BZR_STOCK,BZ_ASSETS\pc\textures\SPEC\bvraz_S.dds,BC1_UNORM(DXT1),FourCC,1024,1024,11
BZR_STOCK,BZ_ASSETS\pc\textures\SPEC\bvrckt_S.dds,BC1_UNORM(DXT1),FourCC,1024,1024,11
BZR_STOCK,BZ_ASSETS\pc\textures\SPEC\bvrecy_S.dds,BC1_UNORM(DXT1),FourCC,1024,1024,11
BZR_STOCK,BZ_ASSETS\pc\textures\SPEC\bvscav_S.dds,BC1_UNORM(DXT1),FourCC,1024,1024,11
BZR_STOCK,BZ_ASSETS\pc\textures\SPEC\bvslf_S.dds,BC1_UNORM(DXT1),FourCC,1024,1024,11
BZR_STOCK,BZ_ASSETS\pc\textures\SPEC\bvtank_S.dds,BC1_UNORM(DXT1),FourCC,1024,1024,11
BZR_STOCK,BZ_ASSETS\pc\textures\SPEC\bvturr_S.dds,BC1_UNORM(DXT1),FourCC,1024,1024,11
BZR_STOCK,BZ_ASSETS\pc\textures\SPEC\bvwalk_S.dds,BC1_UNORM(DXT1),FourCC,1024,1024,11
BZR_STOCK,BZ_ASSETS\pc\textures\SPEC\sbbarr_s.dds,BC1_UNORM(DXT1),FourCC,1024,1024,11
BZR_STOCK,BZ_ASSETS\pc\textures\SPEC\sbcafe_s.dds,BC1_UNORM(DXT1),FourCC,1024,1024,11
BZR_STOCK,BZ_ASSETS\pc\textures\SPEC\sbhang_s.dds,BC1_UNORM(DXT1),FourCC,1024,1024,11
BZR_STOCK,BZ_ASSETS\pc\textures\SPEC\sbhqcp_s.dds,BC1_UNORM(DXT1),FourCC,1024,1024,11
BZR_STOCK,BZ_ASSETS\pc\textures\SPEC\sblpad_s.dds,BC1_UNORM(DXT1),FourCC,1024,1024,11
BZR_STOCK,BZ_ASSETS\pc\textures\SPEC\sblpow_s.dds,BC1_UNORM(DXT1),FourCC,1024,1024,11
BZR_STOCK,BZ_ASSETS\pc\textures\SPEC\sbmbld_s.dds,BC1_UNORM(DXT1),FourCC,1024,1024,11
BZR_STOCK,BZ_ASSETS\pc\textures\SPEC\sbshld_s.dds,BC1_UNORM(DXT1),FourCC,1024,1024,11
BZR_STOCK,BZ_ASSETS\pc\textures\SPEC\sbsilo_s.dds,BC1_UNORM(DXT1),FourCC,1024,1024,11
BZR_STOCK,BZ_ASSETS\pc\textures\SPEC\sbspow_s.dds,BC1_UNORM(DXT1),FourCC,1024,1024,11
BZR_STOCK,BZ_ASSETS\pc\textures\SPEC\sbsupp_s.dds,BC1_UNORM(DXT1),FourCC,1024,1024,11
BZR_STOCK,BZ_ASSETS\pc\textures\SPEC\sbtowe_s.dds,BC1_UNORM(DXT1),FourCC,1024,1024,11
BZR_STOCK,BZ_ASSETS\pc\textures\SPEC\sbwpow_s.dds,BC1_UNORM(DXT1),FourCC,1024,1024,11
BZR_STOCK,BZ_ASSETS\pc\textures\SPEC\soviet_units_cockpit_S.dds,BC1_UNORM(DXT1),FourCC,1024,1024,11
BZR_STOCK,BZ_ASSETS\pc\textures\SPEC\sspilo_S.dds,BC1_UNORM(DXT1),FourCC,2048,2048,12
BZR_STOCK,BZ_ASSETS\pc\textures\SPEC\sspilo_cockpit_S.dds,BC1_UNORM(DXT1),FourCC,2048,2048,12
BZR_STOCK,BZ_ASSETS\pc\textures\SPEC\svapc_S.dds,BC1_UNORM(DXT1),FourCC,1024,1024,11
BZR_STOCK,BZ_ASSETS\pc\textures\SPEC\svartl_S.dds,BC1_UNORM(DXT1),FourCC,1024,1024,11
BZR_STOCK,BZ_ASSETS\pc\textures\SPEC\svcnst_S.dds,BC1_UNORM(DXT1),FourCC,1024,1024,11
BZR_STOCK,BZ_ASSETS\pc\textures\SPEC\svfigh_S.dds,BC1_UNORM(DXT1),FourCC,1024,1024,11
BZR_STOCK,BZ_ASSETS\pc\textures\SPEC\svhaul_S.dds,BC1_UNORM(DXT1),FourCC,1024,1024,11
BZR_STOCK,BZ_ASSETS\pc\textures\SPEC\svheadlight00_s.dds,BC1_UNORM(DXT1),FourCC,512,512,10
BZR_STOCK,BZ_ASSETS\pc\textures\SPEC\svhraz_S.dds,BC1_UNORM(DXT1),FourCC,1024,1024,11
BZR_STOCK,BZ_ASSETS\pc\textures\SPEC\svltnk_S.dds,BC1_UNORM(DXT1),FourCC,1024,1024,11
BZR_STOCK,BZ_ASSETS\pc\textures\SPEC\svmine_S.dds,BC1_UNORM(DXT1),FourCC,1024,1024,11
BZR_STOCK,BZ_ASSETS\pc\textures\SPEC\svmuf_S.dds,BC1_UNORM(DXT1),FourCC,1024,1024,11
BZR_STOCK,BZ_ASSETS\pc\textures\SPEC\svrckt_S.dds,BC1_UNORM(DXT1),FourCC,1024,1024,11
BZR_STOCK,BZ_ASSETS\pc\textures\SPEC\svrecy_S.dds,BC1_UNORM(DXT1),FourCC,1024,1024,11
BZR_STOCK,BZ_ASSETS\pc\textures\SPEC\svsav_S.dds,BC1_UNORM(DXT1),FourCC,1024,1024,11
BZR_STOCK,BZ_ASSETS\pc\textures\SPEC\svscav_S.dds,BC1_UNORM(DXT1),FourCC,1024,1024,11
BZR_STOCK,BZ_ASSETS\pc\textures\SPEC\svslf_S.dds,BC1_UNORM(DXT1),FourCC,1024,1024,11
BZR_STOCK,BZ_ASSETS\pc\textures\SPEC\svtank_S.dds,BC1_UNORM(DXT1),FourCC,1024,1024,11
BZR_STOCK,BZ_ASSETS\pc\textures\SPEC\svturr_S.dds,BC1_UNORM(DXT1),FourCC,1024,1024,11
BZR_STOCK,BZ_ASSETS\pc\textures\SPEC\svwalk_S.dds,BC1_UNORM(DXT1),FourCC,1024,1024,11
BZR_STOCK,BZ_ASSETS\pc\textures\TRO\DIFF\Bbhang00_d.dds,BC1_UNORM(DXT1),FourCC,256,256,9
BZR_STOCK,BZ_ASSETS\pc\textures\TRO\DIFF\CVTNK_D.dds,BC1_UNORM(DXT1),FourCC,2048,2048,12
BZR_STOCK,BZ_ASSETS\pc\textures\TRO\DIFF\T_CV_Haul_D.dds,BC1_UNORM(DXT1),FourCC,2048,2048,12
BZR_STOCK,BZ_ASSETS\pc\textures\TRO\DIFF\bbcafe_d.dds,BC1_UNORM(DXT1),FourCC,2048,2048,12
BZR_STOCK,BZ_ASSETS\pc\textures\TRO\DIFF\bbhang_d.dds,BC1_UNORM(DXT1),FourCC,2048,2048,12
BZR_STOCK,BZ_ASSETS\pc\textures\TRO\DIFF\bblpad_d.dds,BC1_UNORM(DXT1),FourCC,4096,2048,13
BZR_STOCK,BZ_ASSETS\pc\textures\TRO\DIFF\bblpow_d.dds,BC1_UNORM(DXT1),FourCC,4096,2048,13
BZR_STOCK,BZ_ASSETS\pc\textures\TRO\DIFF\bbmbld_d.dds,BC1_UNORM(DXT1),FourCC,2048,2048,12
BZR_STOCK,BZ_ASSETS\pc\textures\TRO\DIFF\bbshld_d.dds,BC1_UNORM(DXT1),FourCC,2048,2048,12
BZR_STOCK,BZ_ASSETS\pc\textures\TRO\DIFF\bbsilo00_d.dds,BC1_UNORM(DXT1),FourCC,256,256,9
BZR_STOCK,BZ_ASSETS\pc\textures\TRO\DIFF\bbspow_d.dds,BC1_UNORM(DXT1),FourCC,4096,2048,13
BZR_STOCK,BZ_ASSETS\pc\textures\TRO\DIFF\bbstor_d.dds,BC1_UNORM(DXT1),FourCC,1024,1024,11
BZR_STOCK,BZ_ASSETS\pc\textures\TRO\DIFF\bbsupp_d.dds,BC1_UNORM(DXT1),FourCC,2048,2048,12
BZR_STOCK,BZ_ASSETS\pc\textures\TRO\DIFF\bbtowe00_d.dds,BC1_UNORM(DXT1),FourCC,256,256,9
BZR_STOCK,BZ_ASSETS\pc\textures\TRO\DIFF\bbwpow_d.dds,BC1_UNORM(DXT1),FourCC,2048,2048,12
BZR_STOCK,BZ_ASSETS\pc\textures\TRO\DIFF\bdbbarr_d.dds,BC1_UNORM(DXT1),FourCC,2048,2048,12
BZR_STOCK,BZ_ASSETS\pc\textures\TRO\DIFF\bdbcomm_d.dds,BC1_UNORM(DXT1),FourCC,2048,2048,12
BZR_STOCK,BZ_ASSETS\pc\textures\TRO\DIFF\bdbhang_d.dds,BC1_UNORM(DXT1),FourCC,2048,2048,12
BZR_STOCK,BZ_ASSETS\pc\textures\TRO\DIFF\bdbhqcp_d.dds,BC1_UNORM(DXT1),FourCC,4096,2048,13
BZR_STOCK,BZ_ASSETS\pc\textures\TRO\DIFF\bdbsilo_d.dds,BC1_UNORM(DXT1),FourCC,4096,2048,13
BZR_STOCK,BZ_ASSETS\pc\textures\TRO\DIFF\bdbtowe_d.dds,BC1_UNORM(DXT1),FourCC,2048,2048,12
BZR_STOCK,BZ_ASSETS\pc\textures\TRO\DIFF\bdspilo_D.dds,BC1_UNORM(DXT1),FourCC,2048,2048,12
BZR_STOCK,BZ_ASSETS\pc\textures\TRO\DIFF\bvartl01_d.dds,BC1_UNORM(DXT1),FourCC,256,256,9
BZR_STOCK,BZ_ASSETS\pc\textures\TRO\DIFF\bvcnst00_d.dds,BC1_UNORM(DXT1),FourCC,256,256,9
BZR_STOCK,BZ_ASSETS\pc\textures\TRO\DIFF\bvcnst_D.dds,BC1_UNORM(DXT1),FourCC,2048,2048,12
BZR_STOCK,BZ_ASSETS\pc\textures\TRO\DIFF\bvhraz00_d.dds,BC1_UNORM(DXT1),FourCC,256,256,9
BZR_STOCK,BZ_ASSETS\pc\textures\TRO\DIFF\bvhraz01_d.dds,BC1_UNORM(DXT1),FourCC,256,256,9
BZR_STOCK,BZ_ASSETS\pc\textures\TRO\DIFF\bvmru_d.dds,BC1_UNORM(DXT1),FourCC,2048,2048,12
BZR_STOCK,BZ_ASSETS\pc\textures\TRO\DIFF\bvrdev00_d.dds,BC1_UNORM(DXT1),FourCC,256,256,9
BZR_STOCK,BZ_ASSETS\pc\textures\TRO\DIFF\bvrdev_d.dds,BC1_UNORM(DXT1),FourCC,2048,2048,12
BZR_STOCK,BZ_ASSETS\pc\textures\TRO\DIFF\cbbarr_d.dds,BC1_UNORM(DXT1),FourCC,2048,2048,12
BZR_STOCK,BZ_ASSETS\pc\textures\TRO\DIFF\cbcafe_d.dds,BC1_UNORM(DXT1),FourCC,4096,4096,13
BZR_STOCK,BZ_ASSETS\pc\textures\TRO\DIFF\cbcomm_d.dds,BC1_UNORM(DXT1),FourCC,2048,2048,12
BZR_STOCK,BZ_ASSETS\pc\textures\TRO\DIFF\cbgun_d.dds,BC1_UNORM(DXT1),FourCC,256,256,9
BZR_STOCK,BZ_ASSETS\pc\textures\TRO\DIFF\cbhang_d.dds,BC1_UNORM(DXT1),FourCC,2048,2048,12
BZR_STOCK,BZ_ASSETS\pc\textures\TRO\DIFF\cbhqcm_d.dds,BC1_UNORM(DXT1),FourCC,256,256,9
BZR_STOCK,BZ_ASSETS\pc\textures\TRO\DIFF\cbhqcp_d.dds,BC1_UNORM(DXT1),FourCC,2048,2048,12
BZR_STOCK,BZ_ASSETS\pc\textures\TRO\DIFF\cblasr_d.dds,BC1_UNORM(DXT1),FourCC,2048,2048,12
BZR_STOCK,BZ_ASSETS\pc\textures\TRO\DIFF\cblpad_d.dds,BC1_UNORM(DXT1),FourCC,2048,2048,12
BZR_STOCK,BZ_ASSETS\pc\textures\TRO\DIFF\cblpow_d.dds,BC1_UNORM(DXT1),FourCC,2048,2048,12
BZR_STOCK,BZ_ASSETS\pc\textures\TRO\DIFF\cbport_d.dds,BC1_UNORM(DXT1),FourCC,2048,2048,12
BZR_STOCK,BZ_ASSETS\pc\textures\TRO\DIFF\cbshld_d.dds,BC1_UNORM(DXT1),FourCC,2048,2048,12
BZR_STOCK,BZ_ASSETS\pc\textures\TRO\DIFF\cbsilo_d.dds,BC1_UNORM(DXT1),FourCC,2048,2048,12
BZR_STOCK,BZ_ASSETS\pc\textures\TRO\DIFF\cbsmbld_d.dds,BC1_UNORM(DXT1),FourCC,2048,2048,12
BZR_STOCK,BZ_ASSETS\pc\textures\TRO\DIFF\cbspow_d.dds,BC1_UNORM(DXT1),FourCC,2048,2048,12
BZR_STOCK,BZ_ASSETS\pc\textures\TRO\DIFF\cbsupp_d.dds,BC1_UNORM(DXT1),FourCC,2048,2048,12
BZR_STOCK,BZ_ASSETS\pc\textures\TRO\DIFF\cbtowe_d.dds,BC1_UNORM(DXT1),FourCC,2048,2048,12
BZR_STOCK,BZ_ASSETS\pc\textures\TRO\DIFF\cbwpow_d.dds,BC1_UNORM(DXT1),FourCC,2048,2048,12
BZR_STOCK,BZ_ASSETS\pc\textures\TRO\DIFF\chinese_units_cockpit_D.dds,BC1_UNORM(DXT1),FourCC,2048,2048,12
BZR_STOCK,BZ_ASSETS\pc\textures\TRO\DIFF\cspilo_D.dds,BC1_UNORM(DXT1),FourCC,2048,2048,12
BZR_STOCK,BZ_ASSETS\pc\textures\TRO\DIFF\cvapc_d.dds,BC1_UNORM(DXT1),FourCC,2048,2048,12
BZR_STOCK,BZ_ASSETS\pc\textures\TRO\DIFF\cvartl_d.dds,BC1_UNORM(DXT1),FourCC,2048,2048,12
BZR_STOCK,BZ_ASSETS\pc\textures\TRO\DIFF\cvcnst_d.dds,BC1_UNORM(DXT1),FourCC,2048,2048,12
BZR_STOCK,BZ_ASSETS\pc\textures\TRO\DIFF\cvfigh_d.dds,BC1_UNORM(DXT1),FourCC,2048,2048,12
BZR_STOCK,BZ_ASSETS\pc\textures\TRO\DIFF\cvhaul_d.dds,BC1_UNORM(DXT1),FourCC,2048,2048,12
BZR_STOCK,BZ_ASSETS\pc\textures\TRO\DIFF\cvhraz_d.dds,BC1_UNORM(DXT1),FourCC,2048,2048,12
BZR_STOCK,BZ_ASSETS\pc\textures\TRO\DIFF\cvhtnk_d.dds,BC1_UNORM(DXT1),FourCC,2048,2048,12
BZR_STOCK,BZ_ASSETS\pc\textures\TRO\DIFF\cvltnk_d.dds,BC1_UNORM(DXT1),FourCC,2048,2048,12
BZR_STOCK,BZ_ASSETS\pc\textures\TRO\DIFF\cvmine_d.dds,BC1_UNORM(DXT1),FourCC,2048,2048,12
BZR_STOCK,BZ_ASSETS\pc\textures\TRO\DIFF\cvmuf_d.dds,BC1_UNORM(DXT1),FourCC,2048,2048,12
BZR_STOCK,BZ_ASSETS\pc\textures\TRO\DIFF\cvrckt_d.dds,BC1_UNORM(DXT1),FourCC,2048,2048,12
BZR_STOCK,BZ_ASSETS\pc\textures\TRO\DIFF\cvrecy_d.dds,BC1_UNORM(DXT1),FourCC,2048,2048,12
BZR_STOCK,BZ_ASSETS\pc\textures\TRO\DIFF\cvscav_d.dds,BC1_UNORM(DXT1),FourCC,2048,2048,12
BZR_STOCK,BZ_ASSETS\pc\textures\TRO\DIFF\cvslf_d.dds,BC1_UNORM(DXT1),FourCC,2048,2048,12
BZR_STOCK,BZ_ASSETS\pc\textures\TRO\DIFF\cvturr_d.dds,BC1_UNORM(DXT1),FourCC,2048,2048,12
BZR_STOCK,BZ_ASSETS\pc\textures\TRO\DIFF\cvwalk01_d.dds,BC1_UNORM(DXT1),FourCC,256,256,9
BZR_STOCK,BZ_ASSETS\pc\textures\TRO\DIFF\cvwalk_D.dds,BC1_UNORM(DXT1),FourCC,2048,2048,12
BZR_STOCK,BZ_ASSETS\pc\textures\TRO\EMIS\Bbhang00_e.dds,BC1_UNORM(DXT1),FourCC,256,256,9
BZR_STOCK,BZ_ASSETS\pc\textures\TRO\EMIS\CVTNK_E.dds,BC1_UNORM(DXT1),FourCC,1024,1024,11
BZR_STOCK,BZ_ASSETS\pc\textures\TRO\EMIS\T_CV_Haul_E.dds,BC1_UNORM(DXT1),FourCC,1024,1024,11
BZR_STOCK,BZ_ASSETS\pc\textures\TRO\EMIS\bbcafe_e.dds,BC1_UNORM(DXT1),FourCC,1024,1024,11
BZR_STOCK,BZ_ASSETS\pc\textures\TRO\EMIS\bblpad_e.dds,BC1_UNORM(DXT1),FourCC,2048,1024,12
BZR_STOCK,BZ_ASSETS\pc\textures\TRO\EMIS\bblpow_e.dds,BC1_UNORM(DXT1),FourCC,2048,1024,12
BZR_STOCK,BZ_ASSETS\pc\textures\TRO\EMIS\bbmbld_e.dds,BC1_UNORM(DXT1),FourCC,2048,2048,12
BZR_STOCK,BZ_ASSETS\pc\textures\TRO\EMIS\bbshld_e.dds,BC1_UNORM(DXT1),FourCC,1024,1024,11
BZR_STOCK,BZ_ASSETS\pc\textures\TRO\EMIS\bbsilo00_e.dds,BC1_UNORM(DXT1),FourCC,256,256,9
BZR_STOCK,BZ_ASSETS\pc\textures\TRO\EMIS\bbspow_e.dds,BC1_UNORM(DXT1),FourCC,2048,1024,12
BZR_STOCK,BZ_ASSETS\pc\textures\TRO\EMIS\bbstor_e.dds,BC1_UNORM(DXT1),FourCC,512,512,10
BZR_STOCK,BZ_ASSETS\pc\textures\TRO\EMIS\bbsupp_e.dds,BC1_UNORM(DXT1),FourCC,1024,1024,11
BZR_STOCK,BZ_ASSETS\pc\textures\TRO\EMIS\bbtowe00_e.dds,BC1_UNORM(DXT1),FourCC,256,256,9
BZR_STOCK,BZ_ASSETS\pc\textures\TRO\EMIS\bbwpow_e.dds,BC1_UNORM(DXT1),FourCC,1024,1024,11
BZR_STOCK,BZ_ASSETS\pc\textures\TRO\EMIS\bdbbarr_e.dds,BC1_UNORM(DXT1),FourCC,1024,1024,11
BZR_STOCK,BZ_ASSETS\pc\textures\TRO\EMIS\bdbcomm_e.dds,BC1_UNORM(DXT1),FourCC,1024,1024,11
BZR_STOCK,BZ_ASSETS\pc\textures\TRO\EMIS\bdbhang_e.dds,BC1_UNORM(DXT1),FourCC,1024,1024,11
BZR_STOCK,BZ_ASSETS\pc\textures\TRO\EMIS\bdbhqcp_e.dds,BC1_UNORM(DXT1),FourCC,2048,1024,12
BZR_STOCK,BZ_ASSETS\pc\textures\TRO\EMIS\bdbsilo_e.dds,BC1_UNORM(DXT1),FourCC,2048,1024,12
BZR_STOCK,BZ_ASSETS\pc\textures\TRO\EMIS\bdbtowe_e.dds,BC1_UNORM(DXT1),FourCC,1024,1024,11
BZR_STOCK,BZ_ASSETS\pc\textures\TRO\EMIS\bdspilo_E.dds,BC1_UNORM(DXT1),FourCC,2048,2048,12
BZR_STOCK,BZ_ASSETS\pc\textures\TRO\EMIS\bvartl01_e.dds,BC1_UNORM(DXT1),FourCC,256,256,9
BZR_STOCK,BZ_ASSETS\pc\textures\TRO\EMIS\bvcnst00_e.dds,BC1_UNORM(DXT1),FourCC,256,256,9
BZR_STOCK,BZ_ASSETS\pc\textures\TRO\EMIS\bvcnst_E.dds,BC1_UNORM(DXT1),FourCC,2048,2048,12
BZR_STOCK,BZ_ASSETS\pc\textures\TRO\EMIS\bvhraz00_e.dds,BC1_UNORM(DXT1),FourCC,256,256,9
BZR_STOCK,BZ_ASSETS\pc\textures\TRO\EMIS\bvhraz01_e.dds,BC1_UNORM(DXT1),FourCC,256,256,9
BZR_STOCK,BZ_ASSETS\pc\textures\TRO\EMIS\bvmru_e.dds,BC1_UNORM(DXT1),FourCC,1024,1024,11
BZR_STOCK,BZ_ASSETS\pc\textures\TRO\EMIS\bvrdev00_e.dds,BC1_UNORM(DXT1),FourCC,256,256,9
BZR_STOCK,BZ_ASSETS\pc\textures\TRO\EMIS\bvrdev_e.dds,BC1_UNORM(DXT1),FourCC,1024,1024,11
BZR_STOCK,BZ_ASSETS\pc\textures\TRO\EMIS\cbbarr_e.dds,BC1_UNORM(DXT1),FourCC,1024,1024,11
BZR_STOCK,BZ_ASSETS\pc\textures\TRO\EMIS\cbcafe_e.dds,BC1_UNORM(DXT1),FourCC,2048,2048,12
BZR_STOCK,BZ_ASSETS\pc\textures\TRO\EMIS\cbcomm_e.dds,BC1_UNORM(DXT1),FourCC,1024,1024,11
BZR_STOCK,BZ_ASSETS\pc\textures\TRO\EMIS\cbgun_e.dds,BC1_UNORM(DXT1),FourCC,256,256,9
BZR_STOCK,BZ_ASSETS\pc\textures\TRO\EMIS\cbhang_e.dds,BC1_UNORM(DXT1),FourCC,1024,1024,11
BZR_STOCK,BZ_ASSETS\pc\textures\TRO\EMIS\cbhqcm_e.dds,BC1_UNORM(DXT1),FourCC,256,256,9
BZR_STOCK,BZ_ASSETS\pc\textures\TRO\EMIS\cbhqcp_e.dds,BC1_UNORM(DXT1),FourCC,1024,1024,11
BZR_STOCK,BZ_ASSETS\pc\textures\TRO\EMIS\cblasr_e.dds,BC1_UNORM(DXT1),FourCC,1024,1024,11
BZR_STOCK,BZ_ASSETS\pc\textures\TRO\EMIS\cblpad_e.dds,BC1_UNORM(DXT1),FourCC,1024,1024,11
BZR_STOCK,BZ_ASSETS\pc\textures\TRO\EMIS\cblpow_e.dds,BC1_UNORM(DXT1),FourCC,1024,1024,11
BZR_STOCK,BZ_ASSETS\pc\textures\TRO\EMIS\cbport_e.dds,BC1_UNORM(DXT1),FourCC,1024,1024,11
BZR_STOCK,BZ_ASSETS\pc\textures\TRO\EMIS\cbshld_e.dds,BC1_UNORM(DXT1),FourCC,1024,1024,11
BZR_STOCK,BZ_ASSETS\pc\textures\TRO\EMIS\cbsilo_e.dds,BC1_UNORM(DXT1),FourCC,1024,1024,11
BZR_STOCK,BZ_ASSETS\pc\textures\TRO\EMIS\cbsmbld_e.dds,BC1_UNORM(DXT1),FourCC,1024,1024,11
BZR_STOCK,BZ_ASSETS\pc\textures\TRO\EMIS\cbspow_e.dds,BC1_UNORM(DXT1),FourCC,1024,1024,11
BZR_STOCK,BZ_ASSETS\pc\textures\TRO\EMIS\cbsupp_e.dds,BC1_UNORM(DXT1),FourCC,1024,1024,11
BZR_STOCK,BZ_ASSETS\pc\textures\TRO\EMIS\cbtowe_E.dds,BC1_UNORM(DXT1),FourCC,1024,1024,11
BZR_STOCK,BZ_ASSETS\pc\textures\TRO\EMIS\cbwpow_e.dds,BC1_UNORM(DXT1),FourCC,1024,1024,11
BZR_STOCK,BZ_ASSETS\pc\textures\TRO\EMIS\chinese_units_cockpit_E.dds,BC1_UNORM(DXT1),FourCC,1024,1024,11
BZR_STOCK,BZ_ASSETS\pc\textures\TRO\EMIS\cvapc_e.dds,BC1_UNORM(DXT1),FourCC,1024,1024,11
BZR_STOCK,BZ_ASSETS\pc\textures\TRO\EMIS\cvartl_e.dds,BC1_UNORM(DXT1),FourCC,1024,1024,11
BZR_STOCK,BZ_ASSETS\pc\textures\TRO\EMIS\cvcnst_e.dds,BC1_UNORM(DXT1),FourCC,1024,1024,11
BZR_STOCK,BZ_ASSETS\pc\textures\TRO\EMIS\cvfigh_e.dds,BC1_UNORM(DXT1),FourCC,1024,1024,11
BZR_STOCK,BZ_ASSETS\pc\textures\TRO\EMIS\cvhaul_e.dds,BC1_UNORM(DXT1),FourCC,1024,1024,11
BZR_STOCK,BZ_ASSETS\pc\textures\TRO\EMIS\cvhraz_e.dds,BC1_UNORM(DXT1),FourCC,1024,1024,11
BZR_STOCK,BZ_ASSETS\pc\textures\TRO\EMIS\cvhtnk_e.dds,BC1_UNORM(DXT1),FourCC,1024,1024,11
BZR_STOCK,BZ_ASSETS\pc\textures\TRO\EMIS\cvltnk_e.dds,BC1_UNORM(DXT1),FourCC,1024,1024,11
BZR_STOCK,BZ_ASSETS\pc\textures\TRO\EMIS\cvmine_e.dds,BC1_UNORM(DXT1),FourCC,1024,1024,11
BZR_STOCK,BZ_ASSETS\pc\textures\TRO\EMIS\cvmuf_e.dds,BC1_UNORM(DXT1),FourCC,1024,1024,11
BZR_STOCK,BZ_ASSETS\pc\textures\TRO\EMIS\cvrckt_e.dds,BC1_UNORM(DXT1),FourCC,1024,1024,11
BZR_STOCK,BZ_ASSETS\pc\textures\TRO\EMIS\cvrecy_e.dds,BC1_UNORM(DXT1),FourCC,1024,1024,11
BZR_STOCK,BZ_ASSETS\pc\textures\TRO\EMIS\cvscav_e.dds,BC1_UNORM(DXT1),FourCC,256,256,9
BZR_STOCK,BZ_ASSETS\pc\textures\TRO\EMIS\cvslf_e.dds,BC1_UNORM(DXT1),FourCC,1024,1024,11
BZR_STOCK,BZ_ASSETS\pc\textures\TRO\EMIS\cvturr_e.dds,BC1_UNORM(DXT1),FourCC,1024,1024,11
BZR_STOCK,BZ_ASSETS\pc\textures\TRO\EMIS\cvwalk01_e.dds,BC1_UNORM(DXT1),FourCC,256,256,9
BZR_STOCK,BZ_ASSETS\pc\textures\TRO\EMIS\cvwalk_E.dds,BC1_UNORM(DXT1),FourCC,1024,1024,11
BZR_STOCK,BZ_ASSETS\pc\textures\TRO\NORM\Bbhang00_n.dds,BC1_UNORM(DXT1),FourCC,256,256,9
BZR_STOCK,BZ_ASSETS\pc\textures\TRO\NORM\CVTNK_N.dds,BC1_UNORM(DXT1),FourCC,1024,1024,11
BZR_STOCK,BZ_ASSETS\pc\textures\TRO\NORM\T_CV_Haul_N.dds,BC1_UNORM(DXT1),FourCC,1024,1024,11
BZR_STOCK,BZ_ASSETS\pc\textures\TRO\NORM\bbsilo00_n.dds,BC1_UNORM(DXT1),FourCC,256,256,9
BZR_STOCK,BZ_ASSETS\pc\textures\TRO\NORM\bbtowe00_n.dds,BC1_UNORM(DXT1),FourCC,256,256,9
BZR_STOCK,BZ_ASSETS\pc\textures\TRO\NORM\bdspilo_n.dds,BC1_UNORM(DXT1),FourCC,2048,2048,12
BZR_STOCK,BZ_ASSETS\pc\textures\TRO\NORM\bvartl01_n.dds,BC1_UNORM(DXT1),FourCC,256,256,9
BZR_STOCK,BZ_ASSETS\pc\textures\TRO\NORM\bvcnst00_n.dds,BC1_UNORM(DXT1),FourCC,256,256,9
BZR_STOCK,BZ_ASSETS\pc\textures\TRO\NORM\bvcnst_N.dds,BC1_UNORM(DXT1),FourCC,1024,1024,11
BZR_STOCK,BZ_ASSETS\pc\textures\TRO\NORM\bvhraz00_n.dds,BC1_UNORM(DXT1),FourCC,256,256,9
BZR_STOCK,BZ_ASSETS\pc\textures\TRO\NORM\bvhraz01_n.dds,BC1_UNORM(DXT1),FourCC,256,256,9
BZR_STOCK,BZ_ASSETS\pc\textures\TRO\NORM\bvmru_n.dds,BC1_UNORM(DXT1),FourCC,1024,1024,11
BZR_STOCK,BZ_ASSETS\pc\textures\TRO\NORM\bvrdev00_n.dds,BC1_UNORM(DXT1),FourCC,256,256,9
BZR_STOCK,BZ_ASSETS\pc\textures\TRO\NORM\bvrdev_n.dds,BC1_UNORM(DXT1),FourCC,1024,1024,11
BZR_STOCK,BZ_ASSETS\pc\textures\TRO\NORM\cbbarr_n.dds,BC1_UNORM(DXT1),FourCC,256,256,9
BZR_STOCK,BZ_ASSETS\pc\textures\TRO\NORM\cbcomm_n.dds,BC1_UNORM(DXT1),FourCC,256,256,9
BZR_STOCK,BZ_ASSETS\pc\textures\TRO\NORM\cbgun_n.dds,BC1_UNORM(DXT1),FourCC,256,256,9
BZR_STOCK,BZ_ASSETS\pc\textures\TRO\NORM\cbhang_n.dds,BC1_UNORM(DXT1),FourCC,256,256,9
BZR_STOCK,BZ_ASSETS\pc\textures\TRO\NORM\cbhqcm_n.dds,BC1_UNORM(DXT1),FourCC,256,256,9
BZR_STOCK,BZ_ASSETS\pc\textures\TRO\NORM\cblasr_n.dds,BC1_UNORM(DXT1),FourCC,256,256,9
BZR_STOCK,BZ_ASSETS\pc\textures\TRO\NORM\cblpad_n.dds,BC1_UNORM(DXT1),FourCC,256,256,9
BZR_STOCK,BZ_ASSETS\pc\textures\TRO\NORM\cblpow_n.dds,BC1_UNORM(DXT1),FourCC,256,256,9
BZR_STOCK,BZ_ASSETS\pc\textures\TRO\NORM\cbport_n.dds,BC1_UNORM(DXT1),FourCC,256,256,9
BZR_STOCK,BZ_ASSETS\pc\textures\TRO\NORM\cbsilo_n.dds,BC1_UNORM(DXT1),FourCC,256,256,9
BZR_STOCK,BZ_ASSETS\pc\textures\TRO\NORM\cbspow_n.dds,BC1_UNORM(DXT1),FourCC,256,256,9
BZR_STOCK,BZ_ASSETS\pc\textures\TRO\NORM\cbsupp_n.dds,BC1_UNORM(DXT1),FourCC,256,256,9
BZR_STOCK,BZ_ASSETS\pc\textures\TRO\NORM\cbwpow_n.dds,BC1_UNORM(DXT1),FourCC,256,256,9
BZR_STOCK,BZ_ASSETS\pc\textures\TRO\NORM\chinese_units_cockpit_N.dds,BC1_UNORM(DXT1),FourCC,1024,1024,11
BZR_STOCK,BZ_ASSETS\pc\textures\TRO\NORM\cspilo_N.dds,BC1_UNORM(DXT1),FourCC,1024,1024,11
BZR_STOCK,BZ_ASSETS\pc\textures\TRO\NORM\cvapc_n.dds,BC1_UNORM(DXT1),FourCC,1024,1024,11
BZR_STOCK,BZ_ASSETS\pc\textures\TRO\NORM\cvartl_n.dds,BC1_UNORM(DXT1),FourCC,1024,1024,11
BZR_STOCK,BZ_ASSETS\pc\textures\TRO\NORM\cvcnst_n.dds,BC1_UNORM(DXT1),FourCC,1024,1024,11
BZR_STOCK,BZ_ASSETS\pc\textures\TRO\NORM\cvfigh_n.dds,BC1_UNORM(DXT1),FourCC,1024,1024,11
BZR_STOCK,BZ_ASSETS\pc\textures\TRO\NORM\cvhaul_n.dds,BC1_UNORM(DXT1),FourCC,1024,1024,11
BZR_STOCK,BZ_ASSETS\pc\textures\TRO\NORM\cvhraz_n.dds,BC1_UNORM(DXT1),FourCC,1024,1024,11
BZR_STOCK,BZ_ASSETS\pc\textures\TRO\NORM\cvhtnk_n.dds,BC1_UNORM(DXT1),FourCC,1024,1024,11
BZR_STOCK,BZ_ASSETS\pc\textures\TRO\NORM\cvltnk_n.dds,BC1_UNORM(DXT1),FourCC,1024,1024,11
BZR_STOCK,BZ_ASSETS\pc\textures\TRO\NORM\cvmine_n.dds,BC1_UNORM(DXT1),FourCC,1024,1024,11
BZR_STOCK,BZ_ASSETS\pc\textures\TRO\NORM\cvmuf_n.dds,BC1_UNORM(DXT1),FourCC,1024,1024,11
BZR_STOCK,BZ_ASSETS\pc\textures\TRO\NORM\cvrckt_n.dds,BC1_UNORM(DXT1),FourCC,1024,1024,11
BZR_STOCK,BZ_ASSETS\pc\textures\TRO\NORM\cvrecy_n.dds,BC1_UNORM(DXT1),FourCC,1024,1024,11
BZR_STOCK,BZ_ASSETS\pc\textures\TRO\NORM\cvscav_n.dds,BC1_UNORM(DXT1),FourCC,1024,1024,11
BZR_STOCK,BZ_ASSETS\pc\textures\TRO\NORM\cvslf_n.dds,BC1_UNORM(DXT1),FourCC,1024,1024,11
BZR_STOCK,BZ_ASSETS\pc\textures\TRO\NORM\cvturr_n.dds,BC1_UNORM(DXT1),FourCC,1024,1024,11
BZR_STOCK,BZ_ASSETS\pc\textures\TRO\NORM\cvwalk01_n.dds,BC1_UNORM(DXT1),FourCC,256,256,9
BZR_STOCK,BZ_ASSETS\pc\textures\TRO\NORM\cvwalk_N.dds,BC1_UNORM(DXT1),FourCC,1024,1024,11
BZR_STOCK,BZ_ASSETS\pc\textures\TRO\SPEC\Bbhang00_s.dds,BC1_UNORM(DXT1),FourCC,256,256,9
BZR_STOCK,BZ_ASSETS\pc\textures\TRO\SPEC\CVTNK_S.dds,BC1_UNORM(DXT1),FourCC,1024,1024,11
BZR_STOCK,BZ_ASSETS\pc\textures\TRO\SPEC\bbcafe_s.dds,BC1_UNORM(DXT1),FourCC,1024,1024,11
BZR_STOCK,BZ_ASSETS\pc\textures\TRO\SPEC\bblpad_s.dds,BC1_UNORM(DXT1),FourCC,2048,1024,12
BZR_STOCK,BZ_ASSETS\pc\textures\TRO\SPEC\bblpow_s.dds,BC1_UNORM(DXT1),FourCC,2048,1024,12
BZR_STOCK,BZ_ASSETS\pc\textures\TRO\SPEC\bbmbld_s.dds,BC1_UNORM(DXT1),FourCC,1024,1024,11
BZR_STOCK,BZ_ASSETS\pc\textures\TRO\SPEC\bbshld_s.dds,BC1_UNORM(DXT1),FourCC,2048,2048,12
BZR_STOCK,BZ_ASSETS\pc\textures\TRO\SPEC\bbsilo00_s.dds,BC1_UNORM(DXT1),FourCC,256,256,9
BZR_STOCK,BZ_ASSETS\pc\textures\TRO\SPEC\bbspow_s.dds,BC1_UNORM(DXT1),FourCC,2048,1024,12
BZR_STOCK,BZ_ASSETS\pc\textures\TRO\SPEC\bbstor_s.dds,BC1_UNORM(DXT1),FourCC,512,512,10
BZR_STOCK,BZ_ASSETS\pc\textures\TRO\SPEC\bbsupp_s.dds,BC1_UNORM(DXT1),FourCC,1024,1024,11
BZR_STOCK,BZ_ASSETS\pc\textures\TRO\SPEC\bbtowe00_s.dds,BC1_UNORM(DXT1),FourCC,256,256,9
BZR_STOCK,BZ_ASSETS\pc\textures\TRO\SPEC\bbwpow_s.dds,BC1_UNORM(DXT1),FourCC,1024,1024,11
BZR_STOCK,BZ_ASSETS\pc\textures\TRO\SPEC\bdbbarr_s.dds,BC1_UNORM(DXT1),FourCC,1024,1024,11
BZR_STOCK,BZ_ASSETS\pc\textures\TRO\SPEC\bdbcomm_s.dds,BC1_UNORM(DXT1),FourCC,1024,1024,11
BZR_STOCK,BZ_ASSETS\pc\textures\TRO\SPEC\bdbhang_s.dds,BC1_UNORM(DXT1),FourCC,1024,1024,11
BZR_STOCK,BZ_ASSETS\pc\textures\TRO\SPEC\bdbhqcp_s.dds,BC1_UNORM(DXT1),FourCC,2048,1024,12
BZR_STOCK,BZ_ASSETS\pc\textures\TRO\SPEC\bdbsilo_s.dds,BC1_UNORM(DXT1),FourCC,2048,1024,12
BZR_STOCK,BZ_ASSETS\pc\textures\TRO\SPEC\bdbtowe_s.dds,BC1_UNORM(DXT1),FourCC,1024,1024,11
BZR_STOCK,BZ_ASSETS\pc\textures\TRO\SPEC\bdspilo_S.dds,BC1_UNORM(DXT1),FourCC,2048,2048,12
BZR_STOCK,BZ_ASSETS\pc\textures\TRO\SPEC\bvartl01_s.dds,BC1_UNORM(DXT1),FourCC,256,256,9
BZR_STOCK,BZ_ASSETS\pc\textures\TRO\SPEC\bvcnst00_s.dds,BC1_UNORM(DXT1),FourCC,256,256,9
BZR_STOCK,BZ_ASSETS\pc\textures\TRO\SPEC\bvhraz00_s.dds,BC1_UNORM(DXT1),FourCC,256,256,9
BZR_STOCK,BZ_ASSETS\pc\textures\TRO\SPEC\bvhraz01_s.dds,BC1_UNORM(DXT1),FourCC,256,256,9
BZR_STOCK,BZ_ASSETS\pc\textures\TRO\SPEC\bvmru_s.dds,BC1_UNORM(DXT1),FourCC,1024,1024,11
BZR_STOCK,BZ_ASSETS\pc\textures\TRO\SPEC\bvrdev00_s.dds,BC1_UNORM(DXT1),FourCC,256,256,9
BZR_STOCK,BZ_ASSETS\pc\textures\TRO\SPEC\bvrdev_s.dds,BC1_UNORM(DXT1),FourCC,1024,1024,11
BZR_STOCK,BZ_ASSETS\pc\textures\TRO\SPEC\cbbarr_s.dds,BC1_UNORM(DXT1),FourCC,1024,1024,11
BZR_STOCK,BZ_ASSETS\pc\textures\TRO\SPEC\cbcafe_s.dds,BC1_UNORM(DXT1),FourCC,2048,2048,12
BZR_STOCK,BZ_ASSETS\pc\textures\TRO\SPEC\cbcomm_s.dds,BC1_UNORM(DXT1),FourCC,1024,1024,11
BZR_STOCK,BZ_ASSETS\pc\textures\TRO\SPEC\cbgun_s.dds,BC1_UNORM(DXT1),FourCC,256,256,9
BZR_STOCK,BZ_ASSETS\pc\textures\TRO\SPEC\cbhang_s.dds,BC1_UNORM(DXT1),FourCC,1024,1024,11
BZR_STOCK,BZ_ASSETS\pc\textures\TRO\SPEC\cbhqcm_s.dds,BC1_UNORM(DXT1),FourCC,256,256,9
BZR_STOCK,BZ_ASSETS\pc\textures\TRO\SPEC\cbhqcp_s.dds,BC1_UNORM(DXT1),FourCC,1024,1024,11
BZR_STOCK,BZ_ASSETS\pc\textures\TRO\SPEC\cblasr_s.dds,BC1_UNORM(DXT1),FourCC,1024,1024,11
BZR_STOCK,BZ_ASSETS\pc\textures\TRO\SPEC\cblpad_s.dds,BC1_UNORM(DXT1),FourCC,1024,1024,11
BZR_STOCK,BZ_ASSETS\pc\textures\TRO\SPEC\cblpow_s.dds,BC1_UNORM(DXT1),FourCC,1024,1024,11
BZR_STOCK,BZ_ASSETS\pc\textures\TRO\SPEC\cbport_s.dds,BC1_UNORM(DXT1),FourCC,1024,1024,11
BZR_STOCK,BZ_ASSETS\pc\textures\TRO\SPEC\cbshld_s.dds,BC1_UNORM(DXT1),FourCC,1024,1024,11
BZR_STOCK,BZ_ASSETS\pc\textures\TRO\SPEC\cbsilo_s.dds,BC1_UNORM(DXT1),FourCC,1024,1024,11
BZR_STOCK,BZ_ASSETS\pc\textures\TRO\SPEC\cbsmbld_s.dds,BC1_UNORM(DXT1),FourCC,1024,1024,11
BZR_STOCK,BZ_ASSETS\pc\textures\TRO\SPEC\cbspow_s.dds,BC1_UNORM(DXT1),FourCC,1024,1024,11
BZR_STOCK,BZ_ASSETS\pc\textures\TRO\SPEC\cbsupp_s.dds,BC1_UNORM(DXT1),FourCC,1024,1024,11
BZR_STOCK,BZ_ASSETS\pc\textures\TRO\SPEC\cbtowe_s.dds,BC1_UNORM(DXT1),FourCC,1024,1024,11
BZR_STOCK,BZ_ASSETS\pc\textures\TRO\SPEC\cbwpow_s.dds,BC1_UNORM(DXT1),FourCC,1024,1024,11
BZR_STOCK,BZ_ASSETS\pc\textures\TRO\SPEC\chinese_units_cockpit_S.dds,BC1_UNORM(DXT1),FourCC,1024,1024,11
BZR_STOCK,BZ_ASSETS\pc\textures\TRO\SPEC\cspilo_S.dds,BC1_UNORM(DXT1),FourCC,1024,1024,11
BZR_STOCK,BZ_ASSETS\pc\textures\TRO\SPEC\cvapc_s.dds,BC1_UNORM(DXT1),FourCC,1024,1024,11
BZR_STOCK,BZ_ASSETS\pc\textures\TRO\SPEC\cvartl_s.dds,BC1_UNORM(DXT1),FourCC,1024,1024,11
BZR_STOCK,BZ_ASSETS\pc\textures\TRO\SPEC\cvcnst_s.dds,BC1_UNORM(DXT1),FourCC,1024,1024,11
BZR_STOCK,BZ_ASSETS\pc\textures\TRO\SPEC\cvfigh_s.dds,BC1_UNORM(DXT1),FourCC,1024,1024,11
BZR_STOCK,BZ_ASSETS\pc\textures\TRO\SPEC\cvhaul_s.dds,BC1_UNORM(DXT1),FourCC,1024,1024,11
BZR_STOCK,BZ_ASSETS\pc\textures\TRO\SPEC\cvhraz_s.dds,BC1_UNORM(DXT1),FourCC,1024,1024,11
BZR_STOCK,BZ_ASSETS\pc\textures\TRO\SPEC\cvhtnk_s.dds,BC1_UNORM(DXT1),FourCC,1024,1024,11
BZR_STOCK,BZ_ASSETS\pc\textures\TRO\SPEC\cvltnk_s.dds,BC1_UNORM(DXT1),FourCC,1024,1024,11
BZR_STOCK,BZ_ASSETS\pc\textures\TRO\SPEC\cvmine_s.dds,BC1_UNORM(DXT1),FourCC,1024,1024,11
BZR_STOCK,BZ_ASSETS\pc\textures\TRO\SPEC\cvmuf_s.dds,BC1_UNORM(DXT1),FourCC,1024,1024,11
BZR_STOCK,BZ_ASSETS\pc\textures\TRO\SPEC\cvrckt_s.dds,BC1_UNORM(DXT1),FourCC,1024,1024,11
BZR_STOCK,BZ_ASSETS\pc\textures\TRO\SPEC\cvrecy_s.dds,BC1_UNORM(DXT1),FourCC,1024,1024,11
BZR_STOCK,BZ_ASSETS\pc\textures\TRO\SPEC\cvscav_s.dds,BC1_UNORM(DXT1),FourCC,1024,1024,11
BZR_STOCK,BZ_ASSETS\pc\textures\TRO\SPEC\cvslf_s.dds,BC1_UNORM(DXT1),FourCC,1024,1024,11
BZR_STOCK,BZ_ASSETS\pc\textures\TRO\SPEC\cvturr_s.dds,BC1_UNORM(DXT1),FourCC,1024,1024,11
BZR_STOCK,BZ_ASSETS\pc\textures\TRO\SPEC\cvwalk01_s.dds,BC1_UNORM(DXT1),FourCC,256,256,9
BZR_STOCK,BZ_ASSETS\pc\textures\TRO\SPEC\cvwalk_S.dds,BC1_UNORM(DXT1),FourCC,1024,1024,11
BZR_STOCK,BZ_ASSETS\pc\textures\TerrainTextures\BZ_TERRAIN_ATLASES_DIFF_DDS\ACHILLES_ATLAS_D.dds,BC1_UNORM(DXT1),FourCC,2048,2048,12
BZR_STOCK,BZ_ASSETS\pc\textures\TerrainTextures\BZ_TERRAIN_ATLASES_DIFF_DDS\ELYSIUM_ATLAS_D.dds,BC1_UNORM(DXT1),FourCC,2048,2048,12
BZR_STOCK,BZ_ASSETS\pc\textures\TerrainTextures\BZ_TERRAIN_ATLASES_DIFF_DDS\EUROPA_ATLAS_D.dds,BC1_UNORM(DXT1),FourCC,1024,1024,7
BZR_STOCK,BZ_ASSETS\pc\textures\TerrainTextures\BZ_TERRAIN_ATLASES_DIFF_DDS\GANYMEDE_ATLAS_D.dds,BC1_UNORM(DXT1),FourCC,2048,2048,12
BZR_STOCK,BZ_ASSETS\pc\textures\TerrainTextures\BZ_TERRAIN_ATLASES_DIFF_DDS\IO_ATLAS_D.dds,BC1_UNORM(DXT1),FourCC,2048,2048,8
BZR_STOCK,BZ_ASSETS\pc\textures\TerrainTextures\BZ_TERRAIN_ATLASES_DIFF_DDS\MARS_ATLAS_D.dds,BC1_UNORM(DXT1),FourCC,2048,2048,12
BZR_STOCK,BZ_ASSETS\pc\textures\TerrainTextures\BZ_TERRAIN_ATLASES_DIFF_DDS\MOON_ATLAS_D.dds,BC1_UNORM(DXT1),FourCC,1024,1024,7
BZR_STOCK,BZ_ASSETS\pc\textures\TerrainTextures\BZ_TERRAIN_ATLASES_DIFF_DDS\TITAN_ATLAS_D.dds,BC1_UNORM(DXT1),FourCC,1024,1024,7
BZR_STOCK,BZ_ASSETS\pc\textures\TerrainTextures\BZ_TERRAIN_ATLASES_DIFF_DDS\VENUS_ATLAS_D.dds,BC1_UNORM(DXT1),FourCC,1024,1024,7
BZR_STOCK,BZ_ASSETS\pc\textures\TerrainTextures\BZ_TERRAIN_ATLASES_EMIS_DDS\EUROPA_ATLAS_E.dds,BC1_UNORM(DXT1),FourCC,1024,1024,7
BZR_STOCK,BZ_ASSETS\pc\textures\TerrainTextures\BZ_TERRAIN_ATLASES_EMIS_DDS\IO_ATLAS_E.dds,BC1_UNORM(DXT1),FourCC,2048,2048,8
BZR_STOCK,BZ_ASSETS\pc\textures\TerrainTextures\BZ_TERRAIN_ATLASES_EMIS_DDS\TITAN_ATLAS_E.dds,BC1_UNORM(DXT1),FourCC,1024,1024,7
BZR_STOCK,BZ_ASSETS\pc\textures\TerrainTextures\BZ_TERRAIN_ATLASES_EMIS_DDS\VENUS_ATLAS_E.dds,BC1_UNORM(DXT1),FourCC,1024,1024,7
BZR_STOCK,BZ_ASSETS\pc\textures\TerrainTextures\BZ_TERRAIN_ATLASES_NORM_DDS\ACHILLES_ATLAS_N.dds,BC1_UNORM(DXT1),FourCC,2048,2048,12
BZR_STOCK,BZ_ASSETS\pc\textures\TerrainTextures\BZ_TERRAIN_ATLASES_NORM_DDS\ELYSIUM_ATLAS_N.dds,BC1_UNORM(DXT1),FourCC,2048,2048,12
BZR_STOCK,BZ_ASSETS\pc\textures\TerrainTextures\BZ_TERRAIN_ATLASES_NORM_DDS\EUROPA_ATLAS_N.dds,BC1_UNORM(DXT1),FourCC,1024,1024,7
BZR_STOCK,BZ_ASSETS\pc\textures\TerrainTextures\BZ_TERRAIN_ATLASES_NORM_DDS\GANYMEDE_ATLAS_N.dds,BC1_UNORM(DXT1),FourCC,2048,2048,12
BZR_STOCK,BZ_ASSETS\pc\textures\TerrainTextures\BZ_TERRAIN_ATLASES_NORM_DDS\IO_ATLAS_N.dds,BC1_UNORM(DXT1),FourCC,2048,2048,12
BZR_STOCK,BZ_ASSETS\pc\textures\TerrainTextures\BZ_TERRAIN_ATLASES_NORM_DDS\MARS_ATLAS_N.dds,BC1_UNORM(DXT1),FourCC,2048,2048,12
BZR_STOCK,BZ_ASSETS\pc\textures\TerrainTextures\BZ_TERRAIN_ATLASES_NORM_DDS\MOON_ATLAS_N.dds,BC1_UNORM(DXT1),FourCC,1024,1024,7
BZR_STOCK,BZ_ASSETS\pc\textures\TerrainTextures\BZ_TERRAIN_ATLASES_NORM_DDS\TITAN_ATLAS_N.dds,BC1_UNORM(DXT1),FourCC,1024,1024,7
BZR_STOCK,BZ_ASSETS\pc\textures\TerrainTextures\BZ_TERRAIN_ATLASES_NORM_DDS\VENUS_ATLAS_N.dds,BC1_UNORM(DXT1),FourCC,1024,1024,7
BZR_STOCK,BZ_ASSETS\pc\textures\TerrainTextures\BZ_TERRAIN_ATLASES_SPEC_DDS\ACHILLES_ATLAS_S.dds,BC1_UNORM(DXT1),FourCC,2048,2048,12
BZR_STOCK,BZ_ASSETS\pc\textures\TerrainTextures\BZ_TERRAIN_ATLASES_SPEC_DDS\ELYSIUM_ATLAS_S.dds,BC1_UNORM(DXT1),FourCC,2048,2048,12
BZR_STOCK,BZ_ASSETS\pc\textures\TerrainTextures\BZ_TERRAIN_ATLASES_SPEC_DDS\EUROPA_ATLAS_S.dds,BC1_UNORM(DXT1),FourCC,1024,1024,7
BZR_STOCK,BZ_ASSETS\pc\textures\TerrainTextures\BZ_TERRAIN_ATLASES_SPEC_DDS\GANYMEDE_ATLAS_S.dds,BC1_UNORM(DXT1),FourCC,2048,2048,12
BZR_STOCK,BZ_ASSETS\pc\textures\TerrainTextures\BZ_TERRAIN_ATLASES_SPEC_DDS\IO_ATLAS_S.dds,BC1_UNORM(DXT1),FourCC,2048,2048,12
BZR_STOCK,BZ_ASSETS\pc\textures\TerrainTextures\BZ_TERRAIN_ATLASES_SPEC_DDS\MARS_ATLAS_S.dds,BC1_UNORM(DXT1),FourCC,2048,2048,12
BZR_STOCK,BZ_ASSETS\pc\textures\TerrainTextures\BZ_TERRAIN_ATLASES_SPEC_DDS\MOON_ATLAS_S.dds,BC1_UNORM(DXT1),FourCC,1024,1024,7
BZR_STOCK,BZ_ASSETS\pc\textures\TerrainTextures\BZ_TERRAIN_ATLASES_SPEC_DDS\TITAN_ATLAS_S.dds,BC1_UNORM(DXT1),FourCC,1024,1024,7
BZR_STOCK,BZ_ASSETS\pc\textures\TerrainTextures\BZ_TERRAIN_ATLASES_SPEC_DDS\VENUS_ATLAS_S.dds,BC1_UNORM(DXT1),FourCC,1024,1024,7
BZR_STOCK,BZ_ASSETS\pc\textures\TerrainTextures\Detail\ac_detail.dds,BC1_UNORM(DXT1),FourCC,2048,2048,12
BZR_STOCK,BZ_ASSETS\pc\textures\TerrainTextures\Detail\eu_detail.dds,BC1_UNORM(DXT1),FourCC,2048,2048,12
BZR_STOCK,BZ_ASSETS\pc\textures\TerrainTextures\Detail\io_detail.dds,BC1_UNORM(DXT1),FourCC,2048,2048,12
BZR_STOCK,BZ_ASSETS\pc\textures\TerrainTextures\Detail\ma_detail.dds,BC1_UNORM(DXT1),FourCC,2048,2048,12
BZR_STOCK,BZ_ASSETS\pc\textures\TerrainTextures\Detail\mn_detail.dds,BC1_UNORM(DXT1),FourCC,2048,2048,12
BZR_STOCK,BZ_ASSETS\pc\textures\TerrainTextures\Detail\ti_detail.dds,BC1_UNORM(DXT1),FourCC,2048,2048,12
BZR_STOCK,BZ_ASSETS\pc\textures\TerrainTextures\Detail\ve_detail.dds,BC1_UNORM(DXT1),FourCC,2048,2048,12
BZR_STOCK,BZ_ASSETS\pc\textures\sky\jupiter.dds,BC1_UNORM(DXT1),FourCC,1024,1024,11
BZR_STOCK,BZ_ASSETS\pc\textures\sky\milkyway.dds,BC1_UNORM(DXT1),FourCC,2048,512,9
BZR_STOCK,BZ_ASSETS\pc\textures\sky\saturn.dds,BC1_UNORM(DXT1),FourCC,1024,1024,11
BZR_STOCK,BZ_ASSETS\pc\textures\sky\smjovian.dds,BC1_UNORM(DXT1),FourCC,1024,1024,11
BZR_STOCK,BZ_ASSETS_CORE\common\ui\blackui.dds,BC1_UNORM(DXT1),FourCC,4,4,3
BZR_STOCK,BZ_ASSETS_CORE\common\ui\blackui2.dds,BC1_UNORM(DXT1),FourCC,4,4,3
BZR_STOCK,Edit\BZ_TERRAIN_ATLASES_DIFF_DDS\ACHILLES_ATLAS_D.dds,BC1_UNORM(DXT1),FourCC,2048,2048,12
BZR_STOCK,Edit\BZ_TERRAIN_ATLASES_DIFF_DDS\ELYSIUM_ATLAS_D.dds,BC1_UNORM(DXT1),FourCC,2048,2048,12
BZR_STOCK,Edit\BZ_TERRAIN_ATLASES_DIFF_DDS\EUROPA_ATLAS_D.dds,BC1_UNORM(DXT1),FourCC,1024,1024,7
BZR_STOCK,Edit\BZ_TERRAIN_ATLASES_DIFF_DDS\GANYMEDE_ATLAS_D.dds,BC1_UNORM(DXT1),FourCC,2048,2048,12
BZR_STOCK,Edit\BZ_TERRAIN_ATLASES_DIFF_DDS\IO_ATLAS_D.dds,BC1_UNORM(DXT1),FourCC,2048,2048,8
BZR_STOCK,Edit\BZ_TERRAIN_ATLASES_DIFF_DDS\MARS_ATLAS_D.dds,BC1_UNORM(DXT1),FourCC,2048,2048,12
BZR_STOCK,Edit\BZ_TERRAIN_ATLASES_DIFF_DDS\MOON_ATLAS_D.dds,BC1_UNORM(DXT1),FourCC,1024,1024,7
BZR_STOCK,Edit\BZ_TERRAIN_ATLASES_DIFF_DDS\TITAN_ATLAS_D.dds,BC1_UNORM(DXT1),FourCC,1024,1024,7
BZR_STOCK,Edit\BZ_TERRAIN_ATLASES_DIFF_DDS\VENUS_ATLAS_D.dds,BC1_UNORM(DXT1),FourCC,1024,1024,7
BZR_STOCK,Edit\BZ_TERRAIN_ATLASES_EMIS_DDS\EUROPA_ATLAS_E.dds,BC1_UNORM(DXT1),FourCC,1024,1024,7
BZR_STOCK,Edit\BZ_TERRAIN_ATLASES_EMIS_DDS\IO_ATLAS_E.dds,BC1_UNORM(DXT1),FourCC,2048,2048,8
BZR_STOCK,Edit\BZ_TERRAIN_ATLASES_EMIS_DDS\TITAN_ATLAS_E.dds,BC1_UNORM(DXT1),FourCC,1024,1024,7
BZR_STOCK,Edit\BZ_TERRAIN_ATLASES_EMIS_DDS\VENUS_ATLAS_E.dds,BC1_UNORM(DXT1),FourCC,1024,1024,7
BZR_STOCK,Edit\BZ_TERRAIN_ATLASES_NORM_DDS\ACHILLES_ATLAS_N.dds,BC1_UNORM(DXT1),FourCC,2048,2048,12
BZR_STOCK,Edit\BZ_TERRAIN_ATLASES_NORM_DDS\ELYSIUM_ATLAS_N.dds,BC1_UNORM(DXT1),FourCC,2048,2048,12
BZR_STOCK,Edit\BZ_TERRAIN_ATLASES_NORM_DDS\EUROPA_ATLAS_N.dds,BC1_UNORM(DXT1),FourCC,1024,1024,7
BZR_STOCK,Edit\BZ_TERRAIN_ATLASES_NORM_DDS\GANYMEDE_ATLAS_N.dds,BC1_UNORM(DXT1),FourCC,2048,2048,12
BZR_STOCK,Edit\BZ_TERRAIN_ATLASES_NORM_DDS\IO_ATLAS_N.dds,BC1_UNORM(DXT1),FourCC,2048,2048,12
BZR_STOCK,Edit\BZ_TERRAIN_ATLASES_NORM_DDS\MARS_ATLAS_N.dds,BC1_UNORM(DXT1),FourCC,2048,2048,12
BZR_STOCK,Edit\BZ_TERRAIN_ATLASES_NORM_DDS\MOON_ATLAS_N.dds,BC1_UNORM(DXT1),FourCC,1024,1024,7
BZR_STOCK,Edit\BZ_TERRAIN_ATLASES_NORM_DDS\TITAN_ATLAS_N.dds,BC1_UNORM(DXT1),FourCC,1024,1024,7
BZR_STOCK,Edit\BZ_TERRAIN_ATLASES_NORM_DDS\VENUS_ATLAS_N.dds,BC1_UNORM(DXT1),FourCC,1024,1024,7
BZR_STOCK,Edit\BZ_TERRAIN_ATLASES_SPEC_DDS\ACHILLES_ATLAS_S.dds,BC1_UNORM(DXT1),FourCC,2048,2048,12
BZR_STOCK,Edit\BZ_TERRAIN_ATLASES_SPEC_DDS\ELYSIUM_ATLAS_S.dds,BC1_UNORM(DXT1),FourCC,2048,2048,12
BZR_STOCK,Edit\BZ_TERRAIN_ATLASES_SPEC_DDS\EUROPA_ATLAS_S.dds,BC1_UNORM(DXT1),FourCC,1024,1024,7
BZR_STOCK,Edit\BZ_TERRAIN_ATLASES_SPEC_DDS\GANYMEDE_ATLAS_S.dds,BC1_UNORM(DXT1),FourCC,2048,2048,12
BZR_STOCK,Edit\BZ_TERRAIN_ATLASES_SPEC_DDS\IO_ATLAS_S.dds,BC1_UNORM(DXT1),FourCC,2048,2048,12
BZR_STOCK,Edit\BZ_TERRAIN_ATLASES_SPEC_DDS\MARS_ATLAS_S.dds,BC1_UNORM(DXT1),FourCC,2048,2048,12
BZR_STOCK,Edit\BZ_TERRAIN_ATLASES_SPEC_DDS\MOON_ATLAS_S.dds,BC1_UNORM(DXT1),FourCC,1024,1024,7
BZR_STOCK,Edit\BZ_TERRAIN_ATLASES_SPEC_DDS\TITAN_ATLAS_S.dds,BC1_UNORM(DXT1),FourCC,1024,1024,7
BZR_STOCK,Edit\BZ_TERRAIN_ATLASES_SPEC_DDS\VENUS_ATLAS_S.dds,BC1_UNORM(DXT1),FourCC,1024,1024,7
BZR_STOCK,Edit\Detail\ac_detail.dds,BC1_UNORM(DXT1),FourCC,2048,2048,12
BZR_STOCK,Edit\Detail\eu_detail.dds,BC1_UNORM(DXT1),FourCC,2048,2048,12
BZR_STOCK,Edit\Detail\io_detail.dds,BC1_UNORM(DXT1),FourCC,2048,2048,12
BZR_STOCK,Edit\Detail\ma_detail.dds,BC1_UNORM(DXT1),FourCC,2048,2048,12
BZR_STOCK,Edit\Detail\mn_detail.dds,BC1_UNORM(DXT1),FourCC,2048,2048,12
BZR_STOCK,Edit\Detail\ti_detail.dds,BC1_UNORM(DXT1),FourCC,2048,2048,12
BZR_STOCK,Edit\Detail\ve_detail.dds,BC1_UNORM(DXT1),FourCC,2048,2048,12
BZR_STOCK,BZ_ASSETS\pc\textures\MISC_DDS\bzfont.dds,BC3_UNORM(DXT5),FourCC,1024,1024,11
BZR_STOCK,BZ_ASSETS\pc\textures\MISC_DDS\bzfont_ru.dds,BC3_UNORM(DXT5),FourCC,1024,1024,11
BZR_STOCK,BZ_ASSETS\pc\textures\MISC_DDS\sprite_n.dds,BC3_UNORM(DXT5),FourCC,1024,1024,11
BZR_STOCK,BZ_ASSETS\pc\textures\TRO\TERRAIN\SKY\ganyjup.dds,BC3_UNORM(DXT5),FourCC,256,256,9
BZR_STOCK,BZ_ASSETS\pc\textures\MISC_DDS\color_ramp_plasma_blue.dds,UNCOMPRESSED_32BPP_A,RGB,256,1,8
BZR_STOCK,BZ_ASSETS\pc\textures\MISC_DDS\color_ramp_plasma_green.dds,UNCOMPRESSED_32BPP_A,RGB,256,1,8
BZR_STOCK,BZ_ASSETS\pc\textures\MISC_DDS\color_ramp_plasma_red.dds,UNCOMPRESSED_32BPP_A,RGB,256,1,8
BZR_STOCK,BZ_ASSETS\pc\textures\sky\earth.dds,UNCOMPRESSED_32BPP_A,RGB,1024,1024,1
