map,zones,map_version,classification,src_levels,levels_shipped,levels_ours,levels_smoothed,shipped_vs_smoothed_ndiff,shipped_vs_smoothed_max,shipped_vs_smoothed_rmse,shipped_vs_ours_ndiff,shipped_vs_ours_max,shipped_vs_ours_rmse,shipped_vs_ours_halfup_max,vertices_exact,shipped_flagged_samples,src_flagged_samples,status,note
demo01,4x4,10,shipped-smoothed-cook,3100,3457,3363,3453,133838,1,0.3573,481552,646,12.917,646,1,0,228602,ok,
inst01,4x4,10,shipped-smoothed-cook,1325,1576,1564,1580,12295,1,0.1083,78309,214,7.521,214,1,0,252660,ok,
misn01,2x2,10,shipped-smoothed-cook,1319,1410,1424,1408,30922,1,0.3435,120719,290,5.4533,290,1,0,53972,ok,
misn02,3x3,10,shipped-smoothed-cook,742,842,806,850,15020,1,0.1596,62164,333,8.2552,333,1,0,140735,ok,
misn02b,3x3,11,hand-modified,731,761,771,776,21863,999,107.3174,67745,999,108.3978,999,1,580380,140817,ok,
misn03,2x2,10,shipped-smoothed-cook,860,920,925,918,41618,1,0.3984,174861,62,4.5145,62,1,0,46015,ok,
misn04,4x3,10,shipped-smoothed-cook,2196,2371,2391,2370,126768,1,0.4015,610481,414,11.9601,414,1,0,117622,ok,
misn05,3x3,10,shipped-smoothed-cook,2199,2326,2324,2321,97063,1,0.4057,364166,419,8.1637,419,1,0,121186,ok,
misn06,4x4,10,shipped-smoothed-cook,1797,1986,2012,1985,90297,1,0.2935,393443,493,17.7177,493,1,0,212145,ok,
misn07,4x4,10,shipped-smoothed-cook,1606,1721,1723,1717,116710,1,0.3336,531756,284,5.5807,284,1,0,180082,ok,
misn08,4x4,10,shipped-smoothed-cook,2132,2336,2348,2334,61281,1,0.2417,277645,147,5.5568,147,1,0,216202,ok,
misn09,4x4,10,shipped-smoothed-cook,2008,2092,2097,2088,74654,1,0.2668,343662,259,7.4545,259,1,0,203222,ok,
misn10,4x4,10,shipped-smoothed-cook,1187,1324,1326,1323,78308,1,0.2733,273813,173,5.2103,173,1,0,240981,ok,
misn11,4x4,10,shipped-smoothed-cook,1294,1524,1538,1523,108496,1,0.3217,278971,145,3.4622,145,1,0,249210,ok,
misn12,4x4,10,shipped-smoothed-cook,1353,1422,1413,1422,21462,1,0.1431,165005,460,16.794,460,1,0,230447,ok,
misn13,4x4,10,shipped-smoothed-cook,1361,1422,1414,1422,22629,1,0.1469,160964,433,16.2272,433,1,0,231762,ok,
misn14,4x4,10,shipped-smoothed-cook,895,1198,1044,1196,14591,1,0.118,63720,767,7.4365,767,1,0,255009,ok,
misn15,4x4,10,shipped-smoothed-cook,567,738,740,738,11231,1,0.1035,55907,172,2.3446,172,1,0,256146,ok,
misn15b,4x4,10,shipped-smoothed-cook,1142,1320,1318,1324,33782,1,0.1795,134663,354,9.6519,354,1,0,249526,ok,
misn16,4x4,10,shipped-smoothed-cook,809,877,893,883,18757,1,0.1337,76163,120,3.7924,120,1,0,254460,ok,
misn16b,4x4,10,shipped-smoothed-cook,769,857,835,858,15269,1,0.1207,66265,334,3.7266,334,1,0,253977,ok,
misn17,4x4,10,shipped-smoothed-cook,3099,3457,3363,3453,134185,1,0.3577,480887,646,12.9085,646,1,0,229038,ok,
misn18,2x4,10,shipped-smoothed-cook,3938,4091,4085,4087,95782,1,0.4274,417614,189,3.9456,189,1,0,91597,ok,
misns1,4x4,10,shipped-smoothed-cook,4036,4038,4040,4038,158506,1,0.3888,596593,357,5.0345,357,1,0,215035,ok,
misns2,4x4,10,shipped-smoothed-cook,2502,2595,2611,2598,193328,1,0.4294,815994,115,5.5156,115,1,0,155133,ok,
misns3,4x4,10,shipped-smoothed-cook,1664,1769,1776,1767,64541,1,0.2481,204609,180,2.1426,180,1,0,248905,ok,
misns4,4x4,10,shipped-smoothed-cook,946,1192,1199,1182,7198,1,0.0829,35894,123,3.1149,123,1,0,257451,ok,
misns5,4x4,10,shipped-smoothed-cook,756,959,955,957,5453,1,0.0721,21114,405,3.8336,405,1,0,259541,ok,
misns6,4x4,10,shipped-smoothed-cook,1315,1448,1459,1453,57390,1,0.2339,231711,262,4.933,262,1,0,239859,ok,
misns7,4x4,10,shipped-smoothed-cook,1011,1190,1241,1195,36995,1,0.1878,240575,240,4.8886,240,1,0,224890,ok,
misns8,4x4,10,shipped-smoothed-cook,1039,1287,1322,1303,35200,1,0.1832,233129,240,4.8278,240,1,0,226510,ok,
mp,4x4,10,shipped-smoothed-cook,1740,1819,1825,1822,31888,1,0.1744,190113,616,26.3726,616,1,0,232197,ok,
mult01,4x4,10,shipped-smoothed-cook,915,1270,1246,1271,3149,1,0.0548,32404,390,17.1859,390,1,0,258263,ok,
mult03,4x4,10,shipped-smoothed-cook,806,836,813,836,11366,1,0.1041,65113,778,29.7985,778,1,0,256334,ok,
mult04,4x4,10,shipped-smoothed-cook,1173,1243,1250,1239,19687,1,0.137,72855,333,13.7437,333,1,0,254442,ok,
multdm05,4x4,10,shipped-smoothed-cook,3930,4096,4096,4096,45523,1,0.2084,160243,340,12.7212,340,1,0,257771,ok,
multdm11,1x1,10,shipped-smoothed-cook,626,655,664,656,5935,1,0.3009,26396,122,6.3208,122,1,0,12826,ok,
multdm12,1x1,10,shipped-smoothed-cook,1126,1255,1260,1255,10376,1,0.3979,50447,250,15.1547,250,1,0,7455,ok,
multdm13,1x1,10,shipped-smoothed-cook,449,633,499,638,4275,1,0.2554,30992,142,11.2871,142,1,0,12621,ok,
multdm14,2x2,10,shipped-smoothed-cook,1020,1678,1426,1675,6409,1,0.1564,60879,443,12.8194,443,1,0,56650,ok,
multdm15,2x2,10,shipped-smoothed-cook,890,937,941,937,13617,1,0.2279,53244,270,11.182,270,1,0,58852,ok,
multdm17,1x1,10,shipped-unsmoothed,504,1386,1511,1742,23290,485,27.3534,5974,1,0.3019,1,1,0,14344,ok,
multdm20,4x4,10,shipped-smoothed-cook,1556,2791,2020,2800,4276,1,0.0639,73426,669,12.2746,669,1,0,256033,ok,
multdm21,4x4,10,shipped-smoothed-cook,1707,2454,2370,2441,12248,1,0.1081,70636,820,29.727,820,1,0,255043,ok,
multdm28,1x1,10,shipped-smoothed-cook,1581,1746,1784,1747,9333,1,0.3774,49515,342,31.3862,342,1,0,8234,ok,
multdm29,1x1,10,shipped-unsmoothed,153,363,364,936,7169,45,5.8246,3,1,0.0068,1,1,0,16179,ok,
multdm48,2x2,10,shipped-smoothed-cook,703,1511,1175,1511,1624,1,0.0787,54406,289,26.1622,289,1,0,56643,ok,
multdm61,1x1,10,shipped-smoothed-cook,33,460,98,463,80,1,0.0349,1864,910,40.6173,910,1,0,16282,ok,
multdm75,1x1,10,shipped-smoothed-cook,1077,1258,1262,1252,12167,1,0.4309,52726,521,13.7045,521,1,0,9931,ok,
multdm77,1x1,11,hand-modified,961,1644,1576,1719,11724,251,4.4719,36636,238,5.9384,238,1,0,14799,ok,
multdm99,1x1,10,shipped-smoothed-cook,27,356,57,356,0,0,0.0,11601,450,23.7462,450,1,0,15963,ok,
multg1,4x4,10,shipped-smoothed-cook,806,1244,1137,1237,17600,1,0.1296,68324,297,4.7566,297,1,0,256417,ok,
multst01,4x4,10,shipped-smoothed-cook,717,832,818,828,19171,1,0.1352,68167,169,2.0903,169,1,0,255523,ok,
multst02,4x4,10,shipped-smoothed-cook,1253,1632,1566,1630,22484,1,0.1464,110028,538,8.3828,538,1,0,250540,ok,
multst03,4x4,10,shipped-smoothed-cook,579,701,663,699,7187,1,0.0828,51281,500,17.9499,500,1,0,255299,ok,
multst04,4x4,10,shipped-smoothed-cook,386,932,660,928,5246,1,0.0707,30251,381,12.178,381,1,0,258563,ok,
multst11,1x1,10,shipped-smoothed-cook,966,1558,1411,1566,3368,1,0.2267,23710,877,47.6378,877,1,0,12572,ok,
multst12,2x2,10,shipped-smoothed-cook,1033,1389,1286,1383,18371,1,0.2647,90149,546,13.0649,546,1,0,52404,ok,
multst24,2x2,10,shipped-smoothed-cook,860,920,925,918,39775,1,0.3895,161783,62,4.1261,62,1,0,48270,ok,
multst25,4x3,10,shipped-smoothed-cook,1819,1902,1918,1901,32939,1,0.2047,144488,540,9.6317,540,1,0,178931,ok,
multst26,4x4,10,shipped-smoothed-cook,1672,1714,1719,1713,32095,1,0.175,184154,550,23.4822,550,1,0,232071,ok,
multst28,4x4,10,shipped-smoothed-cook,2479,2841,2687,2847,31410,1,0.1731,123851,957,31.1825,957,1,0,249023,ok,
multst29,4x4,10,shipped-smoothed-cook,1437,1655,1668,1661,24066,1,0.1515,122621,373,13.3566,373,1,0,246010,ok,
multst31,4x4,10,shipped-smoothed-cook,724,1038,1006,1036,6781,1,0.0804,53394,567,10.4483,567,1,0,252010,ok,
multst32,4x3,10,shipped-smoothed-cook,3933,4011,4011,4011,137745,1,0.4185,543828,344,6.4869,344,1,0,152684,ok,
multst33,4x4,10,shipped-smoothed-cook,1068,1156,1191,1156,23395,1,0.1494,96128,158,5.9031,158,1,0,248245,ok,
multst34,4x4,10,shipped-smoothed-cook,2550,2568,2555,2568,196215,1,0.4326,715987,646,3.403,646,1,0,208032,ok,
play01,3x4,10,shipped-smoothed-cook,493,849,694,847,7819,1,0.0997,58617,121,2.4391,121,1,0,188651,ok,
test,,,,,,,,,,,,,,,,,,hg2-invalid,header declares 2x4 (1048588 bytes) but file is 2097164 bytes
tran02,2x2,10,shipped-smoothed-cook,860,920,925,918,41421,1,0.3975,175129,62,4.5221,62,1,0,45981,ok,
tran03,2x2,10,shipped-smoothed-cook,860,920,925,918,41215,1,0.3965,174812,62,4.5233,62,1,0,45940,ok,
tran04,2x2,10,shipped-smoothed-cook,860,920,925,918,41249,1,0.3967,174893,62,4.5286,62,1,0,45971,ok,
